No,Lat,Long
0,-84.4086,37.9688
1,-84.4086,37.9715
2,-84.4086,37.9742
3,-84.4086,37.977
4,-84.4086,37.9797
5,-84.4086,37.9824
6,-84.4086,37.9851
7,-84.4086,37.9878
8,-84.4086,37.9906
9,-84.4086,37.9933
10,-84.4086,37.996
11,-84.4086,37.9987
12,-84.4086,38.0014
13,-84.4086,38.0042
14,-84.4086,38.0069
15,-84.4086,38.0096
16,-84.4086,38.0123
17,-84.4086,38.015
18,-84.4086,38.0178
19,-84.4086,38.0205
20,-84.4086,38.0232
21,-84.4086,38.0259
22,-84.4086,38.0286
23,-84.4086,38.0314
24,-84.4086,38.0341
25,-84.4086,38.0368
26,-84.4086,38.0395
27,-84.4086,38.0422
28,-84.4086,38.045
29,-84.4086,38.0477
30,-84.4086,38.0504
31,-84.4086,38.0531
32,-84.4086,38.0558
33,-84.4086,38.0586
34,-84.4086,38.0613
35,-84.4086,38.064
36,-84.4086,38.0667
37,-84.4086,38.0694
38,-84.4086,38.0722
39,-84.4086,38.0749
40,-84.4086,38.0776
41,-84.4113,37.9688
42,-84.4113,37.9715
43,-84.4113,37.9742
44,-84.4113,37.977
45,-84.4113,37.9797
46,-84.4113,37.9824
47,-84.4113,37.9851
48,-84.4113,37.9878
49,-84.4113,37.9906
50,-84.4113,37.9933
51,-84.4113,37.996
52,-84.4113,37.9987
53,-84.4113,38.0014
54,-84.4113,38.0042
55,-84.4113,38.0069
56,-84.4113,38.0096
57,-84.4113,38.0123
58,-84.4113,38.015
59,-84.4113,38.0178
60,-84.4113,38.0205
61,-84.4113,38.0232
62,-84.4113,38.0259
63,-84.4113,38.0286
64,-84.4113,38.0314
65,-84.4113,38.0341
66,-84.4113,38.0368
67,-84.4113,38.0395
68,-84.4113,38.0422
69,-84.4113,38.045
70,-84.4113,38.0477
71,-84.4113,38.0504
72,-84.4113,38.0531
73,-84.4113,38.0558
74,-84.4113,38.0586
75,-84.4113,38.0613
76,-84.4113,38.064
77,-84.4113,38.0667
78,-84.4113,38.0694
79,-84.4113,38.0722
80,-84.4113,38.0749
81,-84.4113,38.0776
82,-84.4141,37.9688
83,-84.4141,37.9715
84,-84.4141,37.9742
85,-84.4141,37.977
86,-84.4141,37.9797
87,-84.4141,37.9824
88,-84.4141,37.9851
89,-84.4141,37.9878
90,-84.4141,37.9906
91,-84.4141,37.9933
92,-84.4141,37.996
93,-84.4141,37.9987
94,-84.4141,38.0014
95,-84.4141,38.0042
96,-84.4141,38.0069
97,-84.4141,38.0096
98,-84.4141,38.0123
99,-84.4141,38.015
100,-84.4141,38.0178
101,-84.4141,38.0205
102,-84.4141,38.0232
103,-84.4141,38.0259
104,-84.4141,38.0286
105,-84.4141,38.0314
106,-84.4141,38.0341
107,-84.4141,38.0368
108,-84.4141,38.0395
109,-84.4141,38.0422
110,-84.4141,38.045
111,-84.4141,38.0477
112,-84.4141,38.0504
113,-84.4141,38.0531
114,-84.4141,38.0558
115,-84.4141,38.0586
116,-84.4141,38.0613
117,-84.4141,38.064
118,-84.4141,38.0667
119,-84.4141,38.0694
120,-84.4141,38.0722
121,-84.4141,38.0749
122,-84.4141,38.0776
123,-84.4168,37.9688
124,-84.4168,37.9715
125,-84.4168,37.9742
126,-84.4168,37.977
127,-84.4168,37.9797
128,-84.4168,37.9824
129,-84.4168,37.9851
130,-84.4168,37.9878
131,-84.4168,37.9906
132,-84.4168,37.9933
133,-84.4168,37.996
134,-84.4168,37.9987
135,-84.4168,38.0014
136,-84.4168,38.0042
137,-84.4168,38.0069
138,-84.4168,38.0096
139,-84.4168,38.0123
140,-84.4168,38.015
141,-84.4168,38.0178
142,-84.4168,38.0205
143,-84.4168,38.0232
144,-84.4168,38.0259
145,-84.4168,38.0286
146,-84.4168,38.0314
147,-84.4168,38.0341
148,-84.4168,38.0368
149,-84.4168,38.0395
150,-84.4168,38.0422
151,-84.4168,38.045
152,-84.4168,38.0477
153,-84.4168,38.0504
154,-84.4168,38.0531
155,-84.4168,38.0558
156,-84.4168,38.0586
157,-84.4168,38.0613
158,-84.4168,38.064
159,-84.4168,38.0667
160,-84.4168,38.0694
161,-84.4168,38.0722
162,-84.4168,38.0749
163,-84.4168,38.0776
164,-84.4196,37.9688
165,-84.4196,37.9715
166,-84.4196,37.9742
167,-84.4196,37.977
168,-84.4196,37.9797
169,-84.4196,37.9824
170,-84.4196,37.9851
171,-84.4196,37.9878
172,-84.4196,37.9906
173,-84.4196,37.9933
174,-84.4196,37.996
175,-84.4196,37.9987
176,-84.4196,38.0014
177,-84.4196,38.0042
178,-84.4196,38.0069
179,-84.4196,38.0096
180,-84.4196,38.0123
181,-84.4196,38.015
182,-84.4196,38.0178
183,-84.4196,38.0205
184,-84.4196,38.0232
185,-84.4196,38.0259
186,-84.4196,38.0286
187,-84.4196,38.0314
188,-84.4196,38.0341
189,-84.4196,38.0368
190,-84.4196,38.0395
191,-84.4196,38.0422
192,-84.4196,38.045
193,-84.4196,38.0477
194,-84.4196,38.0504
195,-84.4196,38.0531
196,-84.4196,38.0558
197,-84.4196,38.0586
198,-84.4196,38.0613
199,-84.4196,38.064
200,-84.4196,38.0667
201,-84.4196,38.0694
202,-84.4196,38.0722
203,-84.4196,38.0749
204,-84.4196,38.0776
205,-84.4223,37.9688
206,-84.4223,37.9715
207,-84.4223,37.9742
208,-84.4223,37.977
209,-84.4223,37.9797
210,-84.4223,37.9824
211,-84.4223,37.9851
212,-84.4223,37.9878
213,-84.4223,37.9906
214,-84.4223,37.9933
215,-84.4223,37.996
216,-84.4223,37.9987
217,-84.4223,38.0014
218,-84.4223,38.0042
219,-84.4223,38.0069
220,-84.4223,38.0096
221,-84.4223,38.0123
222,-84.4223,38.015
223,-84.4223,38.0178
224,-84.4223,38.0205
225,-84.4223,38.0232
226,-84.4223,38.0259
227,-84.4223,38.0286
228,-84.4223,38.0314
229,-84.4223,38.0341
230,-84.4223,38.0368
231,-84.4223,38.0395
232,-84.4223,38.0422
233,-84.4223,38.045
234,-84.4223,38.0477
235,-84.4223,38.0504
236,-84.4223,38.0531
237,-84.4223,38.0558
238,-84.4223,38.0586
239,-84.4223,38.0613
240,-84.4223,38.064
241,-84.4223,38.0667
242,-84.4223,38.0694
243,-84.4223,38.0722
244,-84.4223,38.0749
245,-84.4223,38.0776
246,-84.425,37.9688
247,-84.425,37.9715
248,-84.425,37.9742
249,-84.425,37.977
250,-84.425,37.9797
251,-84.425,37.9824
252,-84.425,37.9851
253,-84.425,37.9878
254,-84.425,37.9906
255,-84.425,37.9933
256,-84.425,37.996
257,-84.425,37.9987
258,-84.425,38.0014
259,-84.425,38.0042
260,-84.425,38.0069
261,-84.425,38.0096
262,-84.425,38.0123
263,-84.425,38.015
264,-84.425,38.0178
265,-84.425,38.0205
266,-84.425,38.0232
267,-84.425,38.0259
268,-84.425,38.0286
269,-84.425,38.0314
270,-84.425,38.0341
271,-84.425,38.0368
272,-84.425,38.0395
273,-84.425,38.0422
274,-84.425,38.045
275,-84.425,38.0477
276,-84.425,38.0504
277,-84.425,38.0531
278,-84.425,38.0558
279,-84.425,38.0586
280,-84.425,38.0613
281,-84.425,38.064
282,-84.425,38.0667
283,-84.425,38.0694
284,-84.425,38.0722
285,-84.425,38.0749
286,-84.425,38.0776
287,-84.4278,37.9688
288,-84.4278,37.9715
289,-84.4278,37.9742
290,-84.4278,37.977
291,-84.4278,37.9797
292,-84.4278,37.9824
293,-84.4278,37.9851
294,-84.4278,37.9878
295,-84.4278,37.9906
296,-84.4278,37.9933
297,-84.4278,37.996
298,-84.4278,37.9987
299,-84.4278,38.0014
300,-84.4278,38.0042
301,-84.4278,38.0069
302,-84.4278,38.0096
303,-84.4278,38.0123
304,-84.4278,38.015
305,-84.4278,38.0178
306,-84.4278,38.0205
307,-84.4278,38.0232
308,-84.4278,38.0259
309,-84.4278,38.0286
310,-84.4278,38.0314
311,-84.4278,38.0341
312,-84.4278,38.0368
313,-84.4278,38.0395
314,-84.4278,38.0422
315,-84.4278,38.045
316,-84.4278,38.0477
317,-84.4278,38.0504
318,-84.4278,38.0531
319,-84.4278,38.0558
320,-84.4278,38.0586
321,-84.4278,38.0613
322,-84.4278,38.064
323,-84.4278,38.0667
324,-84.4278,38.0694
325,-84.4278,38.0722
326,-84.4278,38.0749
327,-84.4278,38.0776
328,-84.4305,37.9688
329,-84.4305,37.9715
330,-84.4305,37.9742
331,-84.4305,37.977
332,-84.4305,37.9797
333,-84.4305,37.9824
334,-84.4305,37.9851
335,-84.4305,37.9878
336,-84.4305,37.9906
337,-84.4305,37.9933
338,-84.4305,37.996
339,-84.4305,37.9987
340,-84.4305,38.0014
341,-84.4305,38.0042
342,-84.4305,38.0069
343,-84.4305,38.0096
344,-84.4305,38.0123
345,-84.4305,38.015
346,-84.4305,38.0178
347,-84.4305,38.0205
348,-84.4305,38.0232
349,-84.4305,38.0259
350,-84.4305,38.0286
351,-84.4305,38.0314
352,-84.4305,38.0341
353,-84.4305,38.0368
354,-84.4305,38.0395
355,-84.4305,38.0422
356,-84.4305,38.045
357,-84.4305,38.0477
358,-84.4305,38.0504
359,-84.4305,38.0531
360,-84.4305,38.0558
361,-84.4305,38.0586
362,-84.4305,38.0613
363,-84.4305,38.064
364,-84.4305,38.0667
365,-84.4305,38.0694
366,-84.4305,38.0722
367,-84.4305,38.0749
368,-84.4305,38.0776
369,-84.4333,37.9688
370,-84.4333,37.9715
371,-84.4333,37.9742
372,-84.4333,37.977
373,-84.4333,37.9797
374,-84.4333,37.9824
375,-84.4333,37.9851
376,-84.4333,37.9878
377,-84.4333,37.9906
378,-84.4333,37.9933
379,-84.4333,37.996
380,-84.4333,37.9987
381,-84.4333,38.0014
382,-84.4333,38.0042
383,-84.4333,38.0069
384,-84.4333,38.0096
385,-84.4333,38.0123
386,-84.4333,38.015
387,-84.4333,38.0178
388,-84.4333,38.0205
389,-84.4333,38.0232
390,-84.4333,38.0259
391,-84.4333,38.0286
392,-84.4333,38.0314
393,-84.4333,38.0341
394,-84.4333,38.0368
395,-84.4333,38.0395
396,-84.4333,38.0422
397,-84.4333,38.045
398,-84.4333,38.0477
399,-84.4333,38.0504
400,-84.4333,38.0531
401,-84.4333,38.0558
402,-84.4333,38.0586
403,-84.4333,38.0613
404,-84.4333,38.064
405,-84.4333,38.0667
406,-84.4333,38.0694
407,-84.4333,38.0722
408,-84.4333,38.0749
409,-84.4333,38.0776
410,-84.436,37.9688
411,-84.436,37.9715
412,-84.436,37.9742
413,-84.436,37.977
414,-84.436,37.9797
415,-84.436,37.9824
416,-84.436,37.9851
417,-84.436,37.9878
418,-84.436,37.9906
419,-84.436,37.9933
420,-84.436,37.996
421,-84.436,37.9987
422,-84.436,38.0014
423,-84.436,38.0042
424,-84.436,38.0069
425,-84.436,38.0096
426,-84.436,38.0123
427,-84.436,38.015
428,-84.436,38.0178
429,-84.436,38.0205
430,-84.436,38.0232
431,-84.436,38.0259
432,-84.436,38.0286
433,-84.436,38.0314
434,-84.436,38.0341
435,-84.436,38.0368
436,-84.436,38.0395
437,-84.436,38.0422
438,-84.436,38.045
439,-84.436,38.0477
440,-84.436,38.0504
441,-84.436,38.0531
442,-84.436,38.0558
443,-84.436,38.0586
444,-84.436,38.0613
445,-84.436,38.064
446,-84.436,38.0667
447,-84.436,38.0694
448,-84.436,38.0722
449,-84.436,38.0749
450,-84.436,38.0776
451,-84.4388,37.9688
452,-84.4388,37.9715
453,-84.4388,37.9742
454,-84.4388,37.977
455,-84.4388,37.9797
456,-84.4388,37.9824
457,-84.4388,37.9851
458,-84.4388,37.9878
459,-84.4388,37.9906
460,-84.4388,37.9933
461,-84.4388,37.996
462,-84.4388,37.9987
463,-84.4388,38.0014
464,-84.4388,38.0042
465,-84.4388,38.0069
466,-84.4388,38.0096
467,-84.4388,38.0123
468,-84.4388,38.015
469,-84.4388,38.0178
470,-84.4388,38.0205
471,-84.4388,38.0232
472,-84.4388,38.0259
473,-84.4388,38.0286
474,-84.4388,38.0314
475,-84.4388,38.0341
476,-84.4388,38.0368
477,-84.4388,38.0395
478,-84.4388,38.0422
479,-84.4388,38.045
480,-84.4388,38.0477
481,-84.4388,38.0504
482,-84.4388,38.0531
483,-84.4388,38.0558
484,-84.4388,38.0586
485,-84.4388,38.0613
486,-84.4388,38.064
487,-84.4388,38.0667
488,-84.4388,38.0694
489,-84.4388,38.0722
490,-84.4388,38.0749
491,-84.4388,38.0776
492,-84.4415,37.9688
493,-84.4415,37.9715
494,-84.4415,37.9742
495,-84.4415,37.977
496,-84.4415,37.9797
497,-84.4415,37.9824
498,-84.4415,37.9851
499,-84.4415,37.9878
500,-84.4415,37.9906
501,-84.4415,37.9933
502,-84.4415,37.996
503,-84.4415,37.9987
504,-84.4415,38.0014
505,-84.4415,38.0042
506,-84.4415,38.0069
507,-84.4415,38.0096
508,-84.4415,38.0123
509,-84.4415,38.015
510,-84.4415,38.0178
511,-84.4415,38.0205
512,-84.4415,38.0232
513,-84.4415,38.0259
514,-84.4415,38.0286
515,-84.4415,38.0314
516,-84.4415,38.0341
517,-84.4415,38.0368
518,-84.4415,38.0395
519,-84.4415,38.0422
520,-84.4415,38.045
521,-84.4415,38.0477
522,-84.4415,38.0504
523,-84.4415,38.0531
524,-84.4415,38.0558
525,-84.4415,38.0586
526,-84.4415,38.0613
527,-84.4415,38.064
528,-84.4415,38.0667
529,-84.4415,38.0694
530,-84.4415,38.0722
531,-84.4415,38.0749
532,-84.4415,38.0776
533,-84.4442,37.9688
534,-84.4442,37.9715
535,-84.4442,37.9742
536,-84.4442,37.977
537,-84.4442,37.9797
538,-84.4442,37.9824
539,-84.4442,37.9851
540,-84.4442,37.9878
541,-84.4442,37.9906
542,-84.4442,37.9933
543,-84.4442,37.996
544,-84.4442,37.9987
545,-84.4442,38.0014
546,-84.4442,38.0042
547,-84.4442,38.0069
548,-84.4442,38.0096
549,-84.4442,38.0123
550,-84.4442,38.015
551,-84.4442,38.0178
552,-84.4442,38.0205
553,-84.4442,38.0232
554,-84.4442,38.0259
555,-84.4442,38.0286
556,-84.4442,38.0314
557,-84.4442,38.0341
558,-84.4442,38.0368
559,-84.4442,38.0395
560,-84.4442,38.0422
561,-84.4442,38.045
562,-84.4442,38.0477
563,-84.4442,38.0504
564,-84.4442,38.0531
565,-84.4442,38.0558
566,-84.4442,38.0586
567,-84.4442,38.0613
568,-84.4442,38.064
569,-84.4442,38.0667
570,-84.4442,38.0694
571,-84.4442,38.0722
572,-84.4442,38.0749
573,-84.4442,38.0776
574,-84.447,37.9688
575,-84.447,37.9715
576,-84.447,37.9742
577,-84.447,37.977
578,-84.447,37.9797
579,-84.447,37.9824
580,-84.447,37.9851
581,-84.447,37.9878
582,-84.447,37.9906
583,-84.447,37.9933
584,-84.447,37.996
585,-84.447,37.9987
586,-84.447,38.0014
587,-84.447,38.0042
588,-84.447,38.0069
589,-84.447,38.0096
590,-84.447,38.0123
591,-84.447,38.015
592,-84.447,38.0178
593,-84.447,38.0205
594,-84.447,38.0232
595,-84.447,38.0259
596,-84.447,38.0286
597,-84.447,38.0314
598,-84.447,38.0341
599,-84.447,38.0368
600,-84.447,38.0395
601,-84.447,38.0422
602,-84.447,38.045
603,-84.447,38.0477
604,-84.447,38.0504
605,-84.447,38.0531
606,-84.447,38.0558
607,-84.447,38.0586
608,-84.447,38.0613
609,-84.447,38.064
610,-84.447,38.0667
611,-84.447,38.0694
612,-84.447,38.0722
613,-84.447,38.0749
614,-84.447,38.0776
615,-84.4497,37.9688
616,-84.4497,37.9715
617,-84.4497,37.9742
618,-84.4497,37.977
619,-84.4497,37.9797
620,-84.4497,37.9824
621,-84.4497,37.9851
622,-84.4497,37.9878
623,-84.4497,37.9906
624,-84.4497,37.9933
625,-84.4497,37.996
626,-84.4497,37.9987
627,-84.4497,38.0014
628,-84.4497,38.0042
629,-84.4497,38.0069
630,-84.4497,38.0096
631,-84.4497,38.0123
632,-84.4497,38.015
633,-84.4497,38.0178
634,-84.4497,38.0205
635,-84.4497,38.0232
636,-84.4497,38.0259
637,-84.4497,38.0286
638,-84.4497,38.0314
639,-84.4497,38.0341
640,-84.4497,38.0368
641,-84.4497,38.0395
642,-84.4497,38.0422
643,-84.4497,38.045
644,-84.4497,38.0477
645,-84.4497,38.0504
646,-84.4497,38.0531
647,-84.4497,38.0558
648,-84.4497,38.0586
649,-84.4497,38.0613
650,-84.4497,38.064
651,-84.4497,38.0667
652,-84.4497,38.0694
653,-84.4497,38.0722
654,-84.4497,38.0749
655,-84.4497,38.0776
656,-84.4525,37.9688
657,-84.4525,37.9715
658,-84.4525,37.9742
659,-84.4525,37.977
660,-84.4525,37.9797
661,-84.4525,37.9824
662,-84.4525,37.9851
663,-84.4525,37.9878
664,-84.4525,37.9906
665,-84.4525,37.9933
666,-84.4525,37.996
667,-84.4525,37.9987
668,-84.4525,38.0014
669,-84.4525,38.0042
670,-84.4525,38.0069
671,-84.4525,38.0096
672,-84.4525,38.0123
673,-84.4525,38.015
674,-84.4525,38.0178
675,-84.4525,38.0205
676,-84.4525,38.0232
677,-84.4525,38.0259
678,-84.4525,38.0286
679,-84.4525,38.0314
680,-84.4525,38.0341
681,-84.4525,38.0368
682,-84.4525,38.0395
683,-84.4525,38.0422
684,-84.4525,38.045
685,-84.4525,38.0477
686,-84.4525,38.0504
687,-84.4525,38.0531
688,-84.4525,38.0558
689,-84.4525,38.0586
690,-84.4525,38.0613
691,-84.4525,38.064
692,-84.4525,38.0667
693,-84.4525,38.0694
694,-84.4525,38.0722
695,-84.4525,38.0749
696,-84.4525,38.0776
697,-84.4552,37.9688
698,-84.4552,37.9715
699,-84.4552,37.9742
700,-84.4552,37.977
701,-84.4552,37.9797
702,-84.4552,37.9824
703,-84.4552,37.9851
704,-84.4552,37.9878
705,-84.4552,37.9906
706,-84.4552,37.9933
707,-84.4552,37.996
708,-84.4552,37.9987
709,-84.4552,38.0014
710,-84.4552,38.0042
711,-84.4552,38.0069
712,-84.4552,38.0096
713,-84.4552,38.0123
714,-84.4552,38.015
715,-84.4552,38.0178
716,-84.4552,38.0205
717,-84.4552,38.0232
718,-84.4552,38.0259
719,-84.4552,38.0286
720,-84.4552,38.0314
721,-84.4552,38.0341
722,-84.4552,38.0368
723,-84.4552,38.0395
724,-84.4552,38.0422
725,-84.4552,38.045
726,-84.4552,38.0477
727,-84.4552,38.0504
728,-84.4552,38.0531
729,-84.4552,38.0558
730,-84.4552,38.0586
731,-84.4552,38.0613
732,-84.4552,38.064
733,-84.4552,38.0667
734,-84.4552,38.0694
735,-84.4552,38.0722
736,-84.4552,38.0749
737,-84.4552,38.0776
738,-84.4579,37.9688
739,-84.4579,37.9715
740,-84.4579,37.9742
741,-84.4579,37.977
742,-84.4579,37.9797
743,-84.4579,37.9824
744,-84.4579,37.9851
745,-84.4579,37.9878
746,-84.4579,37.9906
747,-84.4579,37.9933
748,-84.4579,37.996
749,-84.4579,37.9987
750,-84.4579,38.0014
751,-84.4579,38.0042
752,-84.4579,38.0069
753,-84.4579,38.0096
754,-84.4579,38.0123
755,-84.4579,38.015
756,-84.4579,38.0178
757,-84.4579,38.0205
758,-84.4579,38.0232
759,-84.4579,38.0259
760,-84.4579,38.0286
761,-84.4579,38.0314
762,-84.4579,38.0341
763,-84.4579,38.0368
764,-84.4579,38.0395
765,-84.4579,38.0422
766,-84.4579,38.045
767,-84.4579,38.0477
768,-84.4579,38.0504
769,-84.4579,38.0531
770,-84.4579,38.0558
771,-84.4579,38.0586
772,-84.4579,38.0613
773,-84.4579,38.064
774,-84.4579,38.0667
775,-84.4579,38.0694
776,-84.4579,38.0722
777,-84.4579,38.0749
778,-84.4579,38.0776
779,-84.4607,37.9688
780,-84.4607,37.9715
781,-84.4607,37.9742
782,-84.4607,37.977
783,-84.4607,37.9797
784,-84.4607,37.9824
785,-84.4607,37.9851
786,-84.4607,37.9878
787,-84.4607,37.9906
788,-84.4607,37.9933
789,-84.4607,37.996
790,-84.4607,37.9987
791,-84.4607,38.0014
792,-84.4607,38.0042
793,-84.4607,38.0069
794,-84.4607,38.0096
795,-84.4607,38.0123
796,-84.4607,38.015
797,-84.4607,38.0178
798,-84.4607,38.0205
799,-84.4607,38.0232
800,-84.4607,38.0259
801,-84.4607,38.0286
802,-84.4607,38.0314
803,-84.4607,38.0341
804,-84.4607,38.0368
805,-84.4607,38.0395
806,-84.4607,38.0422
807,-84.4607,38.045
808,-84.4607,38.0477
809,-84.4607,38.0504
810,-84.4607,38.0531
811,-84.4607,38.0558
812,-84.4607,38.0586
813,-84.4607,38.0613
814,-84.4607,38.064
815,-84.4607,38.0667
816,-84.4607,38.0694
817,-84.4607,38.0722
818,-84.4607,38.0749
819,-84.4607,38.0776
820,-84.4634,37.9688
821,-84.4634,37.9715
822,-84.4634,37.9742
823,-84.4634,37.977
824,-84.4634,37.9797
825,-84.4634,37.9824
826,-84.4634,37.9851
827,-84.4634,37.9878
828,-84.4634,37.9906
829,-84.4634,37.9933
830,-84.4634,37.996
831,-84.4634,37.9987
832,-84.4634,38.0014
833,-84.4634,38.0042
834,-84.4634,38.0069
835,-84.4634,38.0096
836,-84.4634,38.0123
837,-84.4634,38.015
838,-84.4634,38.0178
839,-84.4634,38.0205
840,-84.4634,38.0232
841,-84.4634,38.0259
842,-84.4634,38.0286
843,-84.4634,38.0314
844,-84.4634,38.0341
845,-84.4634,38.0368
846,-84.4634,38.0395
847,-84.4634,38.0422
848,-84.4634,38.045
849,-84.4634,38.0477
850,-84.4634,38.0504
851,-84.4634,38.0531
852,-84.4634,38.0558
853,-84.4634,38.0586
854,-84.4634,38.0613
855,-84.4634,38.064
856,-84.4634,38.0667
857,-84.4634,38.0694
858,-84.4634,38.0722
859,-84.4634,38.0749
860,-84.4634,38.0776
861,-84.4662,37.9688
862,-84.4662,37.9715
863,-84.4662,37.9742
864,-84.4662,37.977
865,-84.4662,37.9797
866,-84.4662,37.9824
867,-84.4662,37.9851
868,-84.4662,37.9878
869,-84.4662,37.9906
870,-84.4662,37.9933
871,-84.4662,37.996
872,-84.4662,37.9987
873,-84.4662,38.0014
874,-84.4662,38.0042
875,-84.4662,38.0069
876,-84.4662,38.0096
877,-84.4662,38.0123
878,-84.4662,38.015
879,-84.4662,38.0178
880,-84.4662,38.0205
881,-84.4662,38.0232
882,-84.4662,38.0259
883,-84.4662,38.0286
884,-84.4662,38.0314
885,-84.4662,38.0341
886,-84.4662,38.0368
887,-84.4662,38.0395
888,-84.4662,38.0422
889,-84.4662,38.045
890,-84.4662,38.0477
891,-84.4662,38.0504
892,-84.4662,38.0531
893,-84.4662,38.0558
894,-84.4662,38.0586
895,-84.4662,38.0613
896,-84.4662,38.064
897,-84.4662,38.0667
898,-84.4662,38.0694
899,-84.4662,38.0722
900,-84.4662,38.0749
901,-84.4662,38.0776
902,-84.4689,37.9688
903,-84.4689,37.9715
904,-84.4689,37.9742
905,-84.4689,37.977
906,-84.4689,37.9797
907,-84.4689,37.9824
908,-84.4689,37.9851
909,-84.4689,37.9878
910,-84.4689,37.9906
911,-84.4689,37.9933
912,-84.4689,37.996
913,-84.4689,37.9987
914,-84.4689,38.0014
915,-84.4689,38.0042
916,-84.4689,38.0069
917,-84.4689,38.0096
918,-84.4689,38.0123
919,-84.4689,38.015
920,-84.4689,38.0178
921,-84.4689,38.0205
922,-84.4689,38.0232
923,-84.4689,38.0259
924,-84.4689,38.0286
925,-84.4689,38.0314
926,-84.4689,38.0341
927,-84.4689,38.0368
928,-84.4689,38.0395
929,-84.4689,38.0422
930,-84.4689,38.045
931,-84.4689,38.0477
932,-84.4689,38.0504
933,-84.4689,38.0531
934,-84.4689,38.0558
935,-84.4689,38.0586
936,-84.4689,38.0613
937,-84.4689,38.064
938,-84.4689,38.0667
939,-84.4689,38.0694
940,-84.4689,38.0722
941,-84.4689,38.0749
942,-84.4689,38.0776
943,-84.4716,37.9688
944,-84.4716,37.9715
945,-84.4716,37.9742
946,-84.4716,37.977
947,-84.4716,37.9797
948,-84.4716,37.9824
949,-84.4716,37.9851
950,-84.4716,37.9878
951,-84.4716,37.9906
952,-84.4716,37.9933
953,-84.4716,37.996
954,-84.4716,37.9987
955,-84.4716,38.0014
956,-84.4716,38.0042
957,-84.4716,38.0069
958,-84.4716,38.0096
959,-84.4716,38.0123
960,-84.4716,38.015
961,-84.4716,38.0178
962,-84.4716,38.0205
963,-84.4716,38.0232
964,-84.4716,38.0259
965,-84.4716,38.0286
966,-84.4716,38.0314
967,-84.4716,38.0341
968,-84.4716,38.0368
969,-84.4716,38.0395
970,-84.4716,38.0422
971,-84.4716,38.045
972,-84.4716,38.0477
973,-84.4716,38.0504
974,-84.4716,38.0531
975,-84.4716,38.0558
976,-84.4716,38.0586
977,-84.4716,38.0613
978,-84.4716,38.064
979,-84.4716,38.0667
980,-84.4716,38.0694
981,-84.4716,38.0722
982,-84.4716,38.0749
983,-84.4716,38.0776
984,-84.4744,37.9688
985,-84.4744,37.9715
986,-84.4744,37.9742
987,-84.4744,37.977
988,-84.4744,37.9797
989,-84.4744,37.9824
990,-84.4744,37.9851
991,-84.4744,37.9878
992,-84.4744,37.9906
993,-84.4744,37.9933
994,-84.4744,37.996
995,-84.4744,37.9987
996,-84.4744,38.0014
997,-84.4744,38.0042
998,-84.4744,38.0069
999,-84.4744,38.0096
1000,-84.4744,38.0123
1001,-84.4744,38.015
1002,-84.4744,38.0178
1003,-84.4744,38.0205
1004,-84.4744,38.0232
1005,-84.4744,38.0259
1006,-84.4744,38.0286
1007,-84.4744,38.0314
1008,-84.4744,38.0341
1009,-84.4744,38.0368
1010,-84.4744,38.0395
1011,-84.4744,38.0422
1012,-84.4744,38.045
1013,-84.4744,38.0477
1014,-84.4744,38.0504
1015,-84.4744,38.0531
1016,-84.4744,38.0558
1017,-84.4744,38.0586
1018,-84.4744,38.0613
1019,-84.4744,38.064
1020,-84.4744,38.0667
1021,-84.4744,38.0694
1022,-84.4744,38.0722
1023,-84.4744,38.0749
1024,-84.4744,38.0776
1025,-84.4771,37.9688
1026,-84.4771,37.9715
1027,-84.4771,37.9742
1028,-84.4771,37.977
1029,-84.4771,37.9797
1030,-84.4771,37.9824
1031,-84.4771,37.9851
1032,-84.4771,37.9878
1033,-84.4771,37.9906
1034,-84.4771,37.9933
1035,-84.4771,37.996
1036,-84.4771,37.9987
1037,-84.4771,38.0014
1038,-84.4771,38.0042
1039,-84.4771,38.0069
1040,-84.4771,38.0096
1041,-84.4771,38.0123
1042,-84.4771,38.015
1043,-84.4771,38.0178
1044,-84.4771,38.0205
1045,-84.4771,38.0232
1046,-84.4771,38.0259
1047,-84.4771,38.0286
1048,-84.4771,38.0314
1049,-84.4771,38.0341
1050,-84.4771,38.0368
1051,-84.4771,38.0395
1052,-84.4771,38.0422
1053,-84.4771,38.045
1054,-84.4771,38.0477
1055,-84.4771,38.0504
1056,-84.4771,38.0531
1057,-84.4771,38.0558
1058,-84.4771,38.0586
1059,-84.4771,38.0613
1060,-84.4771,38.064
1061,-84.4771,38.0667
1062,-84.4771,38.0694
1063,-84.4771,38.0722
1064,-84.4771,38.0749
1065,-84.4771,38.0776
1066,-84.4799,37.9688
1067,-84.4799,37.9715
1068,-84.4799,37.9742
1069,-84.4799,37.977
1070,-84.4799,37.9797
1071,-84.4799,37.9824
1072,-84.4799,37.9851
1073,-84.4799,37.9878
1074,-84.4799,37.9906
1075,-84.4799,37.9933
1076,-84.4799,37.996
1077,-84.4799,37.9987
1078,-84.4799,38.0014
1079,-84.4799,38.0042
1080,-84.4799,38.0069
1081,-84.4799,38.0096
1082,-84.4799,38.0123
1083,-84.4799,38.015
1084,-84.4799,38.0178
1085,-84.4799,38.0205
1086,-84.4799,38.0232
1087,-84.4799,38.0259
1088,-84.4799,38.0286
1089,-84.4799,38.0314
1090,-84.4799,38.0341
1091,-84.4799,38.0368
1092,-84.4799,38.0395
1093,-84.4799,38.0422
1094,-84.4799,38.045
1095,-84.4799,38.0477
1096,-84.4799,38.0504
1097,-84.4799,38.0531
1098,-84.4799,38.0558
1099,-84.4799,38.0586
1100,-84.4799,38.0613
1101,-84.4799,38.064
1102,-84.4799,38.0667
1103,-84.4799,38.0694
1104,-84.4799,38.0722
1105,-84.4799,38.0749
1106,-84.4799,38.0776
1107,-84.4826,37.9688
1108,-84.4826,37.9715
1109,-84.4826,37.9742
1110,-84.4826,37.977
1111,-84.4826,37.9797
1112,-84.4826,37.9824
1113,-84.4826,37.9851
1114,-84.4826,37.9878
1115,-84.4826,37.9906
1116,-84.4826,37.9933
1117,-84.4826,37.996
1118,-84.4826,37.9987
1119,-84.4826,38.0014
1120,-84.4826,38.0042
1121,-84.4826,38.0069
1122,-84.4826,38.0096
1123,-84.4826,38.0123
1124,-84.4826,38.015
1125,-84.4826,38.0178
1126,-84.4826,38.0205
1127,-84.4826,38.0232
1128,-84.4826,38.0259
1129,-84.4826,38.0286
1130,-84.4826,38.0314
1131,-84.4826,38.0341
1132,-84.4826,38.0368
1133,-84.4826,38.0395
1134,-84.4826,38.0422
1135,-84.4826,38.045
1136,-84.4826,38.0477
1137,-84.4826,38.0504
1138,-84.4826,38.0531
1139,-84.4826,38.0558
1140,-84.4826,38.0586
1141,-84.4826,38.0613
1142,-84.4826,38.064
1143,-84.4826,38.0667
1144,-84.4826,38.0694
1145,-84.4826,38.0722
1146,-84.4826,38.0749
1147,-84.4826,38.0776
1148,-84.4853,37.9688
1149,-84.4853,37.9715
1150,-84.4853,37.9742
1151,-84.4853,37.977
1152,-84.4853,37.9797
1153,-84.4853,37.9824
1154,-84.4853,37.9851
1155,-84.4853,37.9878
1156,-84.4853,37.9906
1157,-84.4853,37.9933
1158,-84.4853,37.996
1159,-84.4853,37.9987
1160,-84.4853,38.0014
1161,-84.4853,38.0042
1162,-84.4853,38.0069
1163,-84.4853,38.0096
1164,-84.4853,38.0123
1165,-84.4853,38.015
1166,-84.4853,38.0178
1167,-84.4853,38.0205
1168,-84.4853,38.0232
1169,-84.4853,38.0259
1170,-84.4853,38.0286
1171,-84.4853,38.0314
1172,-84.4853,38.0341
1173,-84.4853,38.0368
1174,-84.4853,38.0395
1175,-84.4853,38.0422
1176,-84.4853,38.045
1177,-84.4853,38.0477
1178,-84.4853,38.0504
1179,-84.4853,38.0531
1180,-84.4853,38.0558
1181,-84.4853,38.0586
1182,-84.4853,38.0613
1183,-84.4853,38.064
1184,-84.4853,38.0667
1185,-84.4853,38.0694
1186,-84.4853,38.0722
1187,-84.4853,38.0749
1188,-84.4853,38.0776
1189,-84.4881,37.9688
1190,-84.4881,37.9715
1191,-84.4881,37.9742
1192,-84.4881,37.977
1193,-84.4881,37.9797
1194,-84.4881,37.9824
1195,-84.4881,37.9851
1196,-84.4881,37.9878
1197,-84.4881,37.9906
1198,-84.4881,37.9933
1199,-84.4881,37.996
1200,-84.4881,37.9987
1201,-84.4881,38.0014
1202,-84.4881,38.0042
1203,-84.4881,38.0069
1204,-84.4881,38.0096
1205,-84.4881,38.0123
1206,-84.4881,38.015
1207,-84.4881,38.0178
1208,-84.4881,38.0205
1209,-84.4881,38.0232
1210,-84.4881,38.0259
1211,-84.4881,38.0286
1212,-84.4881,38.0314
1213,-84.4881,38.0341
1214,-84.4881,38.0368
1215,-84.4881,38.0395
1216,-84.4881,38.0422
1217,-84.4881,38.045
1218,-84.4881,38.0477
1219,-84.4881,38.0504
1220,-84.4881,38.0531
1221,-84.4881,38.0558
1222,-84.4881,38.0586
1223,-84.4881,38.0613
1224,-84.4881,38.064
1225,-84.4881,38.0667
1226,-84.4881,38.0694
1227,-84.4881,38.0722
1228,-84.4881,38.0749
1229,-84.4881,38.0776
1230,-84.4908,37.9688
1231,-84.4908,37.9715
1232,-84.4908,37.9742
1233,-84.4908,37.977
1234,-84.4908,37.9797
1235,-84.4908,37.9824
1236,-84.4908,37.9851
1237,-84.4908,37.9878
1238,-84.4908,37.9906
1239,-84.4908,37.9933
1240,-84.4908,37.996
1241,-84.4908,37.9987
1242,-84.4908,38.0014
1243,-84.4908,38.0042
1244,-84.4908,38.0069
1245,-84.4908,38.0096
1246,-84.4908,38.0123
1247,-84.4908,38.015
1248,-84.4908,38.0178
1249,-84.4908,38.0205
1250,-84.4908,38.0232
1251,-84.4908,38.0259
1252,-84.4908,38.0286
1253,-84.4908,38.0314
1254,-84.4908,38.0341
1255,-84.4908,38.0368
1256,-84.4908,38.0395
1257,-84.4908,38.0422
1258,-84.4908,38.045
1259,-84.4908,38.0477
1260,-84.4908,38.0504
1261,-84.4908,38.0531
1262,-84.4908,38.0558
1263,-84.4908,38.0586
1264,-84.4908,38.0613
1265,-84.4908,38.064
1266,-84.4908,38.0667
1267,-84.4908,38.0694
1268,-84.4908,38.0722
1269,-84.4908,38.0749
1270,-84.4908,38.0776
1271,-84.4936,37.9688
1272,-84.4936,37.9715
1273,-84.4936,37.9742
1274,-84.4936,37.977
1275,-84.4936,37.9797
1276,-84.4936,37.9824
1277,-84.4936,37.9851
1278,-84.4936,37.9878
1279,-84.4936,37.9906
1280,-84.4936,37.9933
1281,-84.4936,37.996
1282,-84.4936,37.9987
1283,-84.4936,38.0014
1284,-84.4936,38.0042
1285,-84.4936,38.0069
1286,-84.4936,38.0096
1287,-84.4936,38.0123
1288,-84.4936,38.015
1289,-84.4936,38.0178
1290,-84.4936,38.0205
1291,-84.4936,38.0232
1292,-84.4936,38.0259
1293,-84.4936,38.0286
1294,-84.4936,38.0314
1295,-84.4936,38.0341
1296,-84.4936,38.0368
1297,-84.4936,38.0395
1298,-84.4936,38.0422
1299,-84.4936,38.045
1300,-84.4936,38.0477
1301,-84.4936,38.0504
1302,-84.4936,38.0531
1303,-84.4936,38.0558
1304,-84.4936,38.0586
1305,-84.4936,38.0613
1306,-84.4936,38.064
1307,-84.4936,38.0667
1308,-84.4936,38.0694
1309,-84.4936,38.0722
1310,-84.4936,38.0749
1311,-84.4936,38.0776
1312,-84.4963,37.9688
1313,-84.4963,37.9715
1314,-84.4963,37.9742
1315,-84.4963,37.977
1316,-84.4963,37.9797
1317,-84.4963,37.9824
1318,-84.4963,37.9851
1319,-84.4963,37.9878
1320,-84.4963,37.9906
1321,-84.4963,37.9933
1322,-84.4963,37.996
1323,-84.4963,37.9987
1324,-84.4963,38.0014
1325,-84.4963,38.0042
1326,-84.4963,38.0069
1327,-84.4963,38.0096
1328,-84.4963,38.0123
1329,-84.4963,38.015
1330,-84.4963,38.0178
1331,-84.4963,38.0205
1332,-84.4963,38.0232
1333,-84.4963,38.0259
1334,-84.4963,38.0286
1335,-84.4963,38.0314
1336,-84.4963,38.0341
1337,-84.4963,38.0368
1338,-84.4963,38.0395
1339,-84.4963,38.0422
1340,-84.4963,38.045
1341,-84.4963,38.0477
1342,-84.4963,38.0504
1343,-84.4963,38.0531
1344,-84.4963,38.0558
1345,-84.4963,38.0586
1346,-84.4963,38.0613
1347,-84.4963,38.064
1348,-84.4963,38.0667
1349,-84.4963,38.0694
1350,-84.4963,38.0722
1351,-84.4963,38.0749
1352,-84.4963,38.0776
1353,-84.4991,37.9688
1354,-84.4991,37.9715
1355,-84.4991,37.9742
1356,-84.4991,37.977
1357,-84.4991,37.9797
1358,-84.4991,37.9824
1359,-84.4991,37.9851
1360,-84.4991,37.9878
1361,-84.4991,37.9906
1362,-84.4991,37.9933
1363,-84.4991,37.996
1364,-84.4991,37.9987
1365,-84.4991,38.0014
1366,-84.4991,38.0042
1367,-84.4991,38.0069
1368,-84.4991,38.0096
1369,-84.4991,38.0123
1370,-84.4991,38.015
1371,-84.4991,38.0178
1372,-84.4991,38.0205
1373,-84.4991,38.0232
1374,-84.4991,38.0259
1375,-84.4991,38.0286
1376,-84.4991,38.0314
1377,-84.4991,38.0341
1378,-84.4991,38.0368
1379,-84.4991,38.0395
1380,-84.4991,38.0422
1381,-84.4991,38.045
1382,-84.4991,38.0477
1383,-84.4991,38.0504
1384,-84.4991,38.0531
1385,-84.4991,38.0558
1386,-84.4991,38.0586
1387,-84.4991,38.0613
1388,-84.4991,38.064
1389,-84.4991,38.0667
1390,-84.4991,38.0694
1391,-84.4991,38.0722
1392,-84.4991,38.0749
1393,-84.4991,38.0776
1394,-84.5018,37.9688
1395,-84.5018,37.9715
1396,-84.5018,37.9742
1397,-84.5018,37.977
1398,-84.5018,37.9797
1399,-84.5018,37.9824
1400,-84.5018,37.9851
1401,-84.5018,37.9878
1402,-84.5018,37.9906
1403,-84.5018,37.9933
1404,-84.5018,37.996
1405,-84.5018,37.9987
1406,-84.5018,38.0014
1407,-84.5018,38.0042
1408,-84.5018,38.0069
1409,-84.5018,38.0096
1410,-84.5018,38.0123
1411,-84.5018,38.015
1412,-84.5018,38.0178
1413,-84.5018,38.0205
1414,-84.5018,38.0232
1415,-84.5018,38.0259
1416,-84.5018,38.0286
1417,-84.5018,38.0314
1418,-84.5018,38.0341
1419,-84.5018,38.0368
1420,-84.5018,38.0395
1421,-84.5018,38.0422
1422,-84.5018,38.045
1423,-84.5018,38.0477
1424,-84.5018,38.0504
1425,-84.5018,38.0531
1426,-84.5018,38.0558
1427,-84.5018,38.0586
1428,-84.5018,38.0613
1429,-84.5018,38.064
1430,-84.5018,38.0667
1431,-84.5018,38.0694
1432,-84.5018,38.0722
1433,-84.5018,38.0749
1434,-84.5018,38.0776
1435,-84.5045,37.9688
1436,-84.5045,37.9715
1437,-84.5045,37.9742
1438,-84.5045,37.977
1439,-84.5045,37.9797
1440,-84.5045,37.9824
1441,-84.5045,37.9851
1442,-84.5045,37.9878
1443,-84.5045,37.9906
1444,-84.5045,37.9933
1445,-84.5045,37.996
1446,-84.5045,37.9987
1447,-84.5045,38.0014
1448,-84.5045,38.0042
1449,-84.5045,38.0069
1450,-84.5045,38.0096
1451,-84.5045,38.0123
1452,-84.5045,38.015
1453,-84.5045,38.0178
1454,-84.5045,38.0205
1455,-84.5045,38.0232
1456,-84.5045,38.0259
1457,-84.5045,38.0286
1458,-84.5045,38.0314
1459,-84.5045,38.0341
1460,-84.5045,38.0368
1461,-84.5045,38.0395
1462,-84.5045,38.0422
1463,-84.5045,38.045
1464,-84.5045,38.0477
1465,-84.5045,38.0504
1466,-84.5045,38.0531
1467,-84.5045,38.0558
1468,-84.5045,38.0586
1469,-84.5045,38.0613
1470,-84.5045,38.064
1471,-84.5045,38.0667
1472,-84.5045,38.0694
1473,-84.5045,38.0722
1474,-84.5045,38.0749
1475,-84.5045,38.0776
1476,-84.5073,37.9688
1477,-84.5073,37.9715
1478,-84.5073,37.9742
1479,-84.5073,37.977
1480,-84.5073,37.9797
1481,-84.5073,37.9824
1482,-84.5073,37.9851
1483,-84.5073,37.9878
1484,-84.5073,37.9906
1485,-84.5073,37.9933
1486,-84.5073,37.996
1487,-84.5073,37.9987
1488,-84.5073,38.0014
1489,-84.5073,38.0042
1490,-84.5073,38.0069
1491,-84.5073,38.0096
1492,-84.5073,38.0123
1493,-84.5073,38.015
1494,-84.5073,38.0178
1495,-84.5073,38.0205
1496,-84.5073,38.0232
1497,-84.5073,38.0259
1498,-84.5073,38.0286
1499,-84.5073,38.0314
1500,-84.5073,38.0341
1501,-84.5073,38.0368
1502,-84.5073,38.0395
1503,-84.5073,38.0422
1504,-84.5073,38.045
1505,-84.5073,38.0477
1506,-84.5073,38.0504
1507,-84.5073,38.0531
1508,-84.5073,38.0558
1509,-84.5073,38.0586
1510,-84.5073,38.0613
1511,-84.5073,38.064
1512,-84.5073,38.0667
1513,-84.5073,38.0694
1514,-84.5073,38.0722
1515,-84.5073,38.0749
1516,-84.5073,38.0776
1517,-84.51,37.9688
1518,-84.51,37.9715
1519,-84.51,37.9742
1520,-84.51,37.977
1521,-84.51,37.9797
1522,-84.51,37.9824
1523,-84.51,37.9851
1524,-84.51,37.9878
1525,-84.51,37.9906
1526,-84.51,37.9933
1527,-84.51,37.996
1528,-84.51,37.9987
1529,-84.51,38.0014
1530,-84.51,38.0042
1531,-84.51,38.0069
1532,-84.51,38.0096
1533,-84.51,38.0123
1534,-84.51,38.015
1535,-84.51,38.0178
1536,-84.51,38.0205
1537,-84.51,38.0232
1538,-84.51,38.0259
1539,-84.51,38.0286
1540,-84.51,38.0314
1541,-84.51,38.0341
1542,-84.51,38.0368
1543,-84.51,38.0395
1544,-84.51,38.0422
1545,-84.51,38.045
1546,-84.51,38.0477
1547,-84.51,38.0504
1548,-84.51,38.0531
1549,-84.51,38.0558
1550,-84.51,38.0586
1551,-84.51,38.0613
1552,-84.51,38.064
1553,-84.51,38.0667
1554,-84.51,38.0694
1555,-84.51,38.0722
1556,-84.51,38.0749
1557,-84.51,38.0776
1558,-84.5128,37.9688
1559,-84.5128,37.9715
1560,-84.5128,37.9742
1561,-84.5128,37.977
1562,-84.5128,37.9797
1563,-84.5128,37.9824
1564,-84.5128,37.9851
1565,-84.5128,37.9878
1566,-84.5128,37.9906
1567,-84.5128,37.9933
1568,-84.5128,37.996
1569,-84.5128,37.9987
1570,-84.5128,38.0014
1571,-84.5128,38.0042
1572,-84.5128,38.0069
1573,-84.5128,38.0096
1574,-84.5128,38.0123
1575,-84.5128,38.015
1576,-84.5128,38.0178
1577,-84.5128,38.0205
1578,-84.5128,38.0232
1579,-84.5128,38.0259
1580,-84.5128,38.0286
1581,-84.5128,38.0314
1582,-84.5128,38.0341
1583,-84.5128,38.0368
1584,-84.5128,38.0395
1585,-84.5128,38.0422
1586,-84.5128,38.045
1587,-84.5128,38.0477
1588,-84.5128,38.0504
1589,-84.5128,38.0531
1590,-84.5128,38.0558
1591,-84.5128,38.0586
1592,-84.5128,38.0613
1593,-84.5128,38.064
1594,-84.5128,38.0667
1595,-84.5128,38.0694
1596,-84.5128,38.0722
1597,-84.5128,38.0749
1598,-84.5128,38.0776
1599,-84.5155,37.9688
1600,-84.5155,37.9715
1601,-84.5155,37.9742
1602,-84.5155,37.977
1603,-84.5155,37.9797
1604,-84.5155,37.9824
1605,-84.5155,37.9851
1606,-84.5155,37.9878
1607,-84.5155,37.9906
1608,-84.5155,37.9933
1609,-84.5155,37.996
1610,-84.5155,37.9987
1611,-84.5155,38.0014
1612,-84.5155,38.0042
1613,-84.5155,38.0069
1614,-84.5155,38.0096
1615,-84.5155,38.0123
1616,-84.5155,38.015
1617,-84.5155,38.0178
1618,-84.5155,38.0205
1619,-84.5155,38.0232
1620,-84.5155,38.0259
1621,-84.5155,38.0286
1622,-84.5155,38.0314
1623,-84.5155,38.0341
1624,-84.5155,38.0368
1625,-84.5155,38.0395
1626,-84.5155,38.0422
1627,-84.5155,38.045
1628,-84.5155,38.0477
1629,-84.5155,38.0504
1630,-84.5155,38.0531
1631,-84.5155,38.0558
1632,-84.5155,38.0586
1633,-84.5155,38.0613
1634,-84.5155,38.064
1635,-84.5155,38.0667
1636,-84.5155,38.0694
1637,-84.5155,38.0722
1638,-84.5155,38.0749
1639,-84.5155,38.0776
1640,-84.5182,37.9688
1641,-84.5182,37.9715
1642,-84.5182,37.9742
1643,-84.5182,37.977
1644,-84.5182,37.9797
1645,-84.5182,37.9824
1646,-84.5182,37.9851
1647,-84.5182,37.9878
1648,-84.5182,37.9906
1649,-84.5182,37.9933
1650,-84.5182,37.996
1651,-84.5182,37.9987
1652,-84.5182,38.0014
1653,-84.5182,38.0042
1654,-84.5182,38.0069
1655,-84.5182,38.0096
1656,-84.5182,38.0123
1657,-84.5182,38.015
1658,-84.5182,38.0178
1659,-84.5182,38.0205
1660,-84.5182,38.0232
1661,-84.5182,38.0259
1662,-84.5182,38.0286
1663,-84.5182,38.0314
1664,-84.5182,38.0341
1665,-84.5182,38.0368
1666,-84.5182,38.0395
1667,-84.5182,38.0422
1668,-84.5182,38.045
1669,-84.5182,38.0477
1670,-84.5182,38.0504
1671,-84.5182,38.0531
1672,-84.5182,38.0558
1673,-84.5182,38.0586
1674,-84.5182,38.0613
1675,-84.5182,38.064
1676,-84.5182,38.0667
1677,-84.5182,38.0694
1678,-84.5182,38.0722
1679,-84.5182,38.0749
1680,-84.5182,38.0776
1681,-84.521,37.9688
1682,-84.521,37.9715
1683,-84.521,37.9742
1684,-84.521,37.977
1685,-84.521,37.9797
1686,-84.521,37.9824
1687,-84.521,37.9851
1688,-84.521,37.9878
1689,-84.521,37.9906
1690,-84.521,37.9933
1691,-84.521,37.996
1692,-84.521,37.9987
1693,-84.521,38.0014
1694,-84.521,38.0042
1695,-84.521,38.0069
1696,-84.521,38.0096
1697,-84.521,38.0123
1698,-84.521,38.015
1699,-84.521,38.0178
1700,-84.521,38.0205
1701,-84.521,38.0232
1702,-84.521,38.0259
1703,-84.521,38.0286
1704,-84.521,38.0314
1705,-84.521,38.0341
1706,-84.521,38.0368
1707,-84.521,38.0395
1708,-84.521,38.0422
1709,-84.521,38.045
1710,-84.521,38.0477
1711,-84.521,38.0504
1712,-84.521,38.0531
1713,-84.521,38.0558
1714,-84.521,38.0586
1715,-84.521,38.0613
1716,-84.521,38.064
1717,-84.521,38.0667
1718,-84.521,38.0694
1719,-84.521,38.0722
1720,-84.521,38.0749
1721,-84.521,38.0776
1722,-84.5237,37.9688
1723,-84.5237,37.9715
1724,-84.5237,37.9742
1725,-84.5237,37.977
1726,-84.5237,37.9797
1727,-84.5237,37.9824
1728,-84.5237,37.9851
1729,-84.5237,37.9878
1730,-84.5237,37.9906
1731,-84.5237,37.9933
1732,-84.5237,37.996
1733,-84.5237,37.9987
1734,-84.5237,38.0014
1735,-84.5237,38.0042
1736,-84.5237,38.0069
1737,-84.5237,38.0096
1738,-84.5237,38.0123
1739,-84.5237,38.015
1740,-84.5237,38.0178
1741,-84.5237,38.0205
1742,-84.5237,38.0232
1743,-84.5237,38.0259
1744,-84.5237,38.0286
1745,-84.5237,38.0314
1746,-84.5237,38.0341
1747,-84.5237,38.0368
1748,-84.5237,38.0395
1749,-84.5237,38.0422
1750,-84.5237,38.045
1751,-84.5237,38.0477
1752,-84.5237,38.0504
1753,-84.5237,38.0531
1754,-84.5237,38.0558
1755,-84.5237,38.0586
1756,-84.5237,38.0613
1757,-84.5237,38.064
1758,-84.5237,38.0667
1759,-84.5237,38.0694
1760,-84.5237,38.0722
1761,-84.5237,38.0749
1762,-84.5237,38.0776
1763,-84.5265,37.9688
1764,-84.5265,37.9715
1765,-84.5265,37.9742
1766,-84.5265,37.977
1767,-84.5265,37.9797
1768,-84.5265,37.9824
1769,-84.5265,37.9851
1770,-84.5265,37.9878
1771,-84.5265,37.9906
1772,-84.5265,37.9933
1773,-84.5265,37.996
1774,-84.5265,37.9987
1775,-84.5265,38.0014
1776,-84.5265,38.0042
1777,-84.5265,38.0069
1778,-84.5265,38.0096
1779,-84.5265,38.0123
1780,-84.5265,38.015
1781,-84.5265,38.0178
1782,-84.5265,38.0205
1783,-84.5265,38.0232
1784,-84.5265,38.0259
1785,-84.5265,38.0286
1786,-84.5265,38.0314
1787,-84.5265,38.0341
1788,-84.5265,38.0368
1789,-84.5265,38.0395
1790,-84.5265,38.0422
1791,-84.5265,38.045
1792,-84.5265,38.0477
1793,-84.5265,38.0504
1794,-84.5265,38.0531
1795,-84.5265,38.0558
1796,-84.5265,38.0586
1797,-84.5265,38.0613
1798,-84.5265,38.064
1799,-84.5265,38.0667
1800,-84.5265,38.0694
1801,-84.5265,38.0722
1802,-84.5265,38.0749
1803,-84.5265,38.0776
1804,-84.5292,37.9688
1805,-84.5292,37.9715
1806,-84.5292,37.9742
1807,-84.5292,37.977
1808,-84.5292,37.9797
1809,-84.5292,37.9824
1810,-84.5292,37.9851
1811,-84.5292,37.9878
1812,-84.5292,37.9906
1813,-84.5292,37.9933
1814,-84.5292,37.996
1815,-84.5292,37.9987
1816,-84.5292,38.0014
1817,-84.5292,38.0042
1818,-84.5292,38.0069
1819,-84.5292,38.0096
1820,-84.5292,38.0123
1821,-84.5292,38.015
1822,-84.5292,38.0178
1823,-84.5292,38.0205
1824,-84.5292,38.0232
1825,-84.5292,38.0259
1826,-84.5292,38.0286
1827,-84.5292,38.0314
1828,-84.5292,38.0341
1829,-84.5292,38.0368
1830,-84.5292,38.0395
1831,-84.5292,38.0422
1832,-84.5292,38.045
1833,-84.5292,38.0477
1834,-84.5292,38.0504
1835,-84.5292,38.0531
1836,-84.5292,38.0558
1837,-84.5292,38.0586
1838,-84.5292,38.0613
1839,-84.5292,38.064
1840,-84.5292,38.0667
1841,-84.5292,38.0694
1842,-84.5292,38.0722
1843,-84.5292,38.0749
1844,-84.5292,38.0776
1845,-84.5319,37.9688
1846,-84.5319,37.9715
1847,-84.5319,37.9742
1848,-84.5319,37.977
1849,-84.5319,37.9797
1850,-84.5319,37.9824
1851,-84.5319,37.9851
1852,-84.5319,37.9878
1853,-84.5319,37.9906
1854,-84.5319,37.9933
1855,-84.5319,37.996
1856,-84.5319,37.9987
1857,-84.5319,38.0014
1858,-84.5319,38.0042
1859,-84.5319,38.0069
1860,-84.5319,38.0096
1861,-84.5319,38.0123
1862,-84.5319,38.015
1863,-84.5319,38.0178
1864,-84.5319,38.0205
1865,-84.5319,38.0232
1866,-84.5319,38.0259
1867,-84.5319,38.0286
1868,-84.5319,38.0314
1869,-84.5319,38.0341
1870,-84.5319,38.0368
1871,-84.5319,38.0395
1872,-84.5319,38.0422
1873,-84.5319,38.045
1874,-84.5319,38.0477
1875,-84.5319,38.0504
1876,-84.5319,38.0531
1877,-84.5319,38.0558
1878,-84.5319,38.0586
1879,-84.5319,38.0613
1880,-84.5319,38.064
1881,-84.5319,38.0667
1882,-84.5319,38.0694
1883,-84.5319,38.0722
1884,-84.5319,38.0749
1885,-84.5319,38.0776
1886,-84.5347,37.9688
1887,-84.5347,37.9715
1888,-84.5347,37.9742
1889,-84.5347,37.977
1890,-84.5347,37.9797
1891,-84.5347,37.9824
1892,-84.5347,37.9851
1893,-84.5347,37.9878
1894,-84.5347,37.9906
1895,-84.5347,37.9933
1896,-84.5347,37.996
1897,-84.5347,37.9987
1898,-84.5347,38.0014
1899,-84.5347,38.0042
1900,-84.5347,38.0069
1901,-84.5347,38.0096
1902,-84.5347,38.0123
1903,-84.5347,38.015
1904,-84.5347,38.0178
1905,-84.5347,38.0205
1906,-84.5347,38.0232
1907,-84.5347,38.0259
1908,-84.5347,38.0286
1909,-84.5347,38.0314
1910,-84.5347,38.0341
1911,-84.5347,38.0368
1912,-84.5347,38.0395
1913,-84.5347,38.0422
1914,-84.5347,38.045
1915,-84.5347,38.0477
1916,-84.5347,38.0504
1917,-84.5347,38.0531
1918,-84.5347,38.0558
1919,-84.5347,38.0586
1920,-84.5347,38.0613
1921,-84.5347,38.064
1922,-84.5347,38.0667
1923,-84.5347,38.0694
1924,-84.5347,38.0722
1925,-84.5347,38.0749
1926,-84.5347,38.0776
1927,-84.5374,37.9688
1928,-84.5374,37.9715
1929,-84.5374,37.9742
1930,-84.5374,37.977
1931,-84.5374,37.9797
1932,-84.5374,37.9824
1933,-84.5374,37.9851
1934,-84.5374,37.9878
1935,-84.5374,37.9906
1936,-84.5374,37.9933
1937,-84.5374,37.996
1938,-84.5374,37.9987
1939,-84.5374,38.0014
1940,-84.5374,38.0042
1941,-84.5374,38.0069
1942,-84.5374,38.0096
1943,-84.5374,38.0123
1944,-84.5374,38.015
1945,-84.5374,38.0178
1946,-84.5374,38.0205
1947,-84.5374,38.0232
1948,-84.5374,38.0259
1949,-84.5374,38.0286
1950,-84.5374,38.0314
1951,-84.5374,38.0341
1952,-84.5374,38.0368
1953,-84.5374,38.0395
1954,-84.5374,38.0422
1955,-84.5374,38.045
1956,-84.5374,38.0477
1957,-84.5374,38.0504
1958,-84.5374,38.0531
1959,-84.5374,38.0558
1960,-84.5374,38.0586
1961,-84.5374,38.0613
1962,-84.5374,38.064
1963,-84.5374,38.0667
1964,-84.5374,38.0694
1965,-84.5374,38.0722
1966,-84.5374,38.0749
1967,-84.5374,38.0776
1968,-84.5402,37.9688
1969,-84.5402,37.9715
1970,-84.5402,37.9742
1971,-84.5402,37.977
1972,-84.5402,37.9797
1973,-84.5402,37.9824
1974,-84.5402,37.9851
1975,-84.5402,37.9878
1976,-84.5402,37.9906
1977,-84.5402,37.9933
1978,-84.5402,37.996
1979,-84.5402,37.9987
1980,-84.5402,38.0014
1981,-84.5402,38.0042
1982,-84.5402,38.0069
1983,-84.5402,38.0096
1984,-84.5402,38.0123
1985,-84.5402,38.015
1986,-84.5402,38.0178
1987,-84.5402,38.0205
1988,-84.5402,38.0232
1989,-84.5402,38.0259
1990,-84.5402,38.0286
1991,-84.5402,38.0314
1992,-84.5402,38.0341
1993,-84.5402,38.0368
1994,-84.5402,38.0395
1995,-84.5402,38.0422
1996,-84.5402,38.045
1997,-84.5402,38.0477
1998,-84.5402,38.0504
1999,-84.5402,38.0531
2000,-84.5402,38.0558
2001,-84.5402,38.0586
2002,-84.5402,38.0613
2003,-84.5402,38.064
2004,-84.5402,38.0667
2005,-84.5402,38.0694
2006,-84.5402,38.0722
2007,-84.5402,38.0749
2008,-84.5402,38.0776
2009,-84.5429,37.9688
2010,-84.5429,37.9715
2011,-84.5429,37.9742
2012,-84.5429,37.977
2013,-84.5429,37.9797
2014,-84.5429,37.9824
2015,-84.5429,37.9851
2016,-84.5429,37.9878
2017,-84.5429,37.9906
2018,-84.5429,37.9933
2019,-84.5429,37.996
2020,-84.5429,37.9987
2021,-84.5429,38.0014
2022,-84.5429,38.0042
2023,-84.5429,38.0069
2024,-84.5429,38.0096
2025,-84.5429,38.0123
2026,-84.5429,38.015
2027,-84.5429,38.0178
2028,-84.5429,38.0205
2029,-84.5429,38.0232
2030,-84.5429,38.0259
2031,-84.5429,38.0286
2032,-84.5429,38.0314
2033,-84.5429,38.0341
2034,-84.5429,38.0368
2035,-84.5429,38.0395
2036,-84.5429,38.0422
2037,-84.5429,38.045
2038,-84.5429,38.0477
2039,-84.5429,38.0504
2040,-84.5429,38.0531
2041,-84.5429,38.0558
2042,-84.5429,38.0586
2043,-84.5429,38.0613
2044,-84.5429,38.064
2045,-84.5429,38.0667
2046,-84.5429,38.0694
2047,-84.5429,38.0722
2048,-84.5429,38.0749
2049,-84.5429,38.0776
2050,-84.5456,37.9688
2051,-84.5456,37.9715
2052,-84.5456,37.9742
2053,-84.5456,37.977
2054,-84.5456,37.9797
2055,-84.5456,37.9824
2056,-84.5456,37.9851
2057,-84.5456,37.9878
2058,-84.5456,37.9906
2059,-84.5456,37.9933
2060,-84.5456,37.996
2061,-84.5456,37.9987
2062,-84.5456,38.0014
2063,-84.5456,38.0042
2064,-84.5456,38.0069
2065,-84.5456,38.0096
2066,-84.5456,38.0123
2067,-84.5456,38.015
2068,-84.5456,38.0178
2069,-84.5456,38.0205
2070,-84.5456,38.0232
2071,-84.5456,38.0259
2072,-84.5456,38.0286
2073,-84.5456,38.0314
2074,-84.5456,38.0341
2075,-84.5456,38.0368
2076,-84.5456,38.0395
2077,-84.5456,38.0422
2078,-84.5456,38.045
2079,-84.5456,38.0477
2080,-84.5456,38.0504
2081,-84.5456,38.0531
2082,-84.5456,38.0558
2083,-84.5456,38.0586
2084,-84.5456,38.0613
2085,-84.5456,38.064
2086,-84.5456,38.0667
2087,-84.5456,38.0694
2088,-84.5456,38.0722
2089,-84.5456,38.0749
2090,-84.5456,38.0776
2091,-84.5484,37.9688
2092,-84.5484,37.9715
2093,-84.5484,37.9742
2094,-84.5484,37.977
2095,-84.5484,37.9797
2096,-84.5484,37.9824
2097,-84.5484,37.9851
2098,-84.5484,37.9878
2099,-84.5484,37.9906
2100,-84.5484,37.9933
2101,-84.5484,37.996
2102,-84.5484,37.9987
2103,-84.5484,38.0014
2104,-84.5484,38.0042
2105,-84.5484,38.0069
2106,-84.5484,38.0096
2107,-84.5484,38.0123
2108,-84.5484,38.015
2109,-84.5484,38.0178
2110,-84.5484,38.0205
2111,-84.5484,38.0232
2112,-84.5484,38.0259
2113,-84.5484,38.0286
2114,-84.5484,38.0314
2115,-84.5484,38.0341
2116,-84.5484,38.0368
2117,-84.5484,38.0395
2118,-84.5484,38.0422
2119,-84.5484,38.045
2120,-84.5484,38.0477
2121,-84.5484,38.0504
2122,-84.5484,38.0531
2123,-84.5484,38.0558
2124,-84.5484,38.0586
2125,-84.5484,38.0613
2126,-84.5484,38.064
2127,-84.5484,38.0667
2128,-84.5484,38.0694
2129,-84.5484,38.0722
2130,-84.5484,38.0749
2131,-84.5484,38.0776
2132,-84.5511,37.9688
2133,-84.5511,37.9715
2134,-84.5511,37.9742
2135,-84.5511,37.977
2136,-84.5511,37.9797
2137,-84.5511,37.9824
2138,-84.5511,37.9851
2139,-84.5511,37.9878
2140,-84.5511,37.9906
2141,-84.5511,37.9933
2142,-84.5511,37.996
2143,-84.5511,37.9987
2144,-84.5511,38.0014
2145,-84.5511,38.0042
2146,-84.5511,38.0069
2147,-84.5511,38.0096
2148,-84.5511,38.0123
2149,-84.5511,38.015
2150,-84.5511,38.0178
2151,-84.5511,38.0205
2152,-84.5511,38.0232
2153,-84.5511,38.0259
2154,-84.5511,38.0286
2155,-84.5511,38.0314
2156,-84.5511,38.0341
2157,-84.5511,38.0368
2158,-84.5511,38.0395
2159,-84.5511,38.0422
2160,-84.5511,38.045
2161,-84.5511,38.0477
2162,-84.5511,38.0504
2163,-84.5511,38.0531
2164,-84.5511,38.0558
2165,-84.5511,38.0586
2166,-84.5511,38.0613
2167,-84.5511,38.064
2168,-84.5511,38.0667
2169,-84.5511,38.0694
2170,-84.5511,38.0722
2171,-84.5511,38.0749
2172,-84.5511,38.0776
2173,-84.5539,37.9688
2174,-84.5539,37.9715
2175,-84.5539,37.9742
2176,-84.5539,37.977
2177,-84.5539,37.9797
2178,-84.5539,37.9824
2179,-84.5539,37.9851
2180,-84.5539,37.9878
2181,-84.5539,37.9906
2182,-84.5539,37.9933
2183,-84.5539,37.996
2184,-84.5539,37.9987
2185,-84.5539,38.0014
2186,-84.5539,38.0042
2187,-84.5539,38.0069
2188,-84.5539,38.0096
2189,-84.5539,38.0123
2190,-84.5539,38.015
2191,-84.5539,38.0178
2192,-84.5539,38.0205
2193,-84.5539,38.0232
2194,-84.5539,38.0259
2195,-84.5539,38.0286
2196,-84.5539,38.0314
2197,-84.5539,38.0341
2198,-84.5539,38.0368
2199,-84.5539,38.0395
2200,-84.5539,38.0422
2201,-84.5539,38.045
2202,-84.5539,38.0477
2203,-84.5539,38.0504
2204,-84.5539,38.0531
2205,-84.5539,38.0558
2206,-84.5539,38.0586
2207,-84.5539,38.0613
2208,-84.5539,38.064
2209,-84.5539,38.0667
2210,-84.5539,38.0694
2211,-84.5539,38.0722
2212,-84.5539,38.0749
2213,-84.5539,38.0776
2214,-84.5566,37.9688
2215,-84.5566,37.9715
2216,-84.5566,37.9742
2217,-84.5566,37.977
2218,-84.5566,37.9797
2219,-84.5566,37.9824
2220,-84.5566,37.9851
2221,-84.5566,37.9878
2222,-84.5566,37.9906
2223,-84.5566,37.9933
2224,-84.5566,37.996
2225,-84.5566,37.9987
2226,-84.5566,38.0014
2227,-84.5566,38.0042
2228,-84.5566,38.0069
2229,-84.5566,38.0096
2230,-84.5566,38.0123
2231,-84.5566,38.015
2232,-84.5566,38.0178
2233,-84.5566,38.0205
2234,-84.5566,38.0232
2235,-84.5566,38.0259
2236,-84.5566,38.0286
2237,-84.5566,38.0314
2238,-84.5566,38.0341
2239,-84.5566,38.0368
2240,-84.5566,38.0395
2241,-84.5566,38.0422
2242,-84.5566,38.045
2243,-84.5566,38.0477
2244,-84.5566,38.0504
2245,-84.5566,38.0531
2246,-84.5566,38.0558
2247,-84.5566,38.0586
2248,-84.5566,38.0613
2249,-84.5566,38.064
2250,-84.5566,38.0667
2251,-84.5566,38.0694
2252,-84.5566,38.0722
2253,-84.5566,38.0749
2254,-84.5566,38.0776
2255,-84.5594,37.9688
2256,-84.5594,37.9715
2257,-84.5594,37.9742
2258,-84.5594,37.977
2259,-84.5594,37.9797
2260,-84.5594,37.9824
2261,-84.5594,37.9851
2262,-84.5594,37.9878
2263,-84.5594,37.9906
2264,-84.5594,37.9933
2265,-84.5594,37.996
2266,-84.5594,37.9987
2267,-84.5594,38.0014
2268,-84.5594,38.0042
2269,-84.5594,38.0069
2270,-84.5594,38.0096
2271,-84.5594,38.0123
2272,-84.5594,38.015
2273,-84.5594,38.0178
2274,-84.5594,38.0205
2275,-84.5594,38.0232
2276,-84.5594,38.0259
2277,-84.5594,38.0286
2278,-84.5594,38.0314
2279,-84.5594,38.0341
2280,-84.5594,38.0368
2281,-84.5594,38.0395
2282,-84.5594,38.0422
2283,-84.5594,38.045
2284,-84.5594,38.0477
2285,-84.5594,38.0504
2286,-84.5594,38.0531
2287,-84.5594,38.0558
2288,-84.5594,38.0586
2289,-84.5594,38.0613
2290,-84.5594,38.064
2291,-84.5594,38.0667
2292,-84.5594,38.0694
2293,-84.5594,38.0722
2294,-84.5594,38.0749
2295,-84.5594,38.0776
2296,-84.5621,37.9688
2297,-84.5621,37.9715
2298,-84.5621,37.9742
2299,-84.5621,37.977
2300,-84.5621,37.9797
2301,-84.5621,37.9824
2302,-84.5621,37.9851
2303,-84.5621,37.9878
2304,-84.5621,37.9906
2305,-84.5621,37.9933
2306,-84.5621,37.996
2307,-84.5621,37.9987
2308,-84.5621,38.0014
2309,-84.5621,38.0042
2310,-84.5621,38.0069
2311,-84.5621,38.0096
2312,-84.5621,38.0123
2313,-84.5621,38.015
2314,-84.5621,38.0178
2315,-84.5621,38.0205
2316,-84.5621,38.0232
2317,-84.5621,38.0259
2318,-84.5621,38.0286
2319,-84.5621,38.0314
2320,-84.5621,38.0341
2321,-84.5621,38.0368
2322,-84.5621,38.0395
2323,-84.5621,38.0422
2324,-84.5621,38.045
2325,-84.5621,38.0477
2326,-84.5621,38.0504
2327,-84.5621,38.0531
2328,-84.5621,38.0558
2329,-84.5621,38.0586
2330,-84.5621,38.0613
2331,-84.5621,38.064
2332,-84.5621,38.0667
2333,-84.5621,38.0694
2334,-84.5621,38.0722
2335,-84.5621,38.0749
2336,-84.5621,38.0776
2337,-84.5648,37.9688
2338,-84.5648,37.9715
2339,-84.5648,37.9742
2340,-84.5648,37.977
2341,-84.5648,37.9797
2342,-84.5648,37.9824
2343,-84.5648,37.9851
2344,-84.5648,37.9878
2345,-84.5648,37.9906
2346,-84.5648,37.9933
2347,-84.5648,37.996
2348,-84.5648,37.9987
2349,-84.5648,38.0014
2350,-84.5648,38.0042
2351,-84.5648,38.0069
2352,-84.5648,38.0096
2353,-84.5648,38.0123
2354,-84.5648,38.015
2355,-84.5648,38.0178
2356,-84.5648,38.0205
2357,-84.5648,38.0232
2358,-84.5648,38.0259
2359,-84.5648,38.0286
2360,-84.5648,38.0314
2361,-84.5648,38.0341
2362,-84.5648,38.0368
2363,-84.5648,38.0395
2364,-84.5648,38.0422
2365,-84.5648,38.045
2366,-84.5648,38.0477
2367,-84.5648,38.0504
2368,-84.5648,38.0531
2369,-84.5648,38.0558
2370,-84.5648,38.0586
2371,-84.5648,38.0613
2372,-84.5648,38.064
2373,-84.5648,38.0667
2374,-84.5648,38.0694
2375,-84.5648,38.0722
2376,-84.5648,38.0749
2377,-84.5648,38.0776
2378,-84.5676,37.9688
2379,-84.5676,37.9715
2380,-84.5676,37.9742
2381,-84.5676,37.977
2382,-84.5676,37.9797
2383,-84.5676,37.9824
2384,-84.5676,37.9851
2385,-84.5676,37.9878
2386,-84.5676,37.9906
2387,-84.5676,37.9933
2388,-84.5676,37.996
2389,-84.5676,37.9987
2390,-84.5676,38.0014
2391,-84.5676,38.0042
2392,-84.5676,38.0069
2393,-84.5676,38.0096
2394,-84.5676,38.0123
2395,-84.5676,38.015
2396,-84.5676,38.0178
2397,-84.5676,38.0205
2398,-84.5676,38.0232
2399,-84.5676,38.0259
2400,-84.5676,38.0286
2401,-84.5676,38.0314
2402,-84.5676,38.0341
2403,-84.5676,38.0368
2404,-84.5676,38.0395
2405,-84.5676,38.0422
2406,-84.5676,38.045
2407,-84.5676,38.0477
2408,-84.5676,38.0504
2409,-84.5676,38.0531
2410,-84.5676,38.0558
2411,-84.5676,38.0586
2412,-84.5676,38.0613
2413,-84.5676,38.064
2414,-84.5676,38.0667
2415,-84.5676,38.0694
2416,-84.5676,38.0722
2417,-84.5676,38.0749
2418,-84.5676,38.0776
2419,-84.5703,37.9688
2420,-84.5703,37.9715
2421,-84.5703,37.9742
2422,-84.5703,37.977
2423,-84.5703,37.9797
2424,-84.5703,37.9824
2425,-84.5703,37.9851
2426,-84.5703,37.9878
2427,-84.5703,37.9906
2428,-84.5703,37.9933
2429,-84.5703,37.996
2430,-84.5703,37.9987
2431,-84.5703,38.0014
2432,-84.5703,38.0042
2433,-84.5703,38.0069
2434,-84.5703,38.0096
2435,-84.5703,38.0123
2436,-84.5703,38.015
2437,-84.5703,38.0178
2438,-84.5703,38.0205
2439,-84.5703,38.0232
2440,-84.5703,38.0259
2441,-84.5703,38.0286
2442,-84.5703,38.0314
2443,-84.5703,38.0341
2444,-84.5703,38.0368
2445,-84.5703,38.0395
2446,-84.5703,38.0422
2447,-84.5703,38.045
2448,-84.5703,38.0477
2449,-84.5703,38.0504
2450,-84.5703,38.0531
2451,-84.5703,38.0558
2452,-84.5703,38.0586
2453,-84.5703,38.0613
2454,-84.5703,38.064
2455,-84.5703,38.0667
2456,-84.5703,38.0694
2457,-84.5703,38.0722
2458,-84.5703,38.0749
2459,-84.5703,38.0776
2460,-84.5731,37.9688
2461,-84.5731,37.9715
2462,-84.5731,37.9742
2463,-84.5731,37.977
2464,-84.5731,37.9797
2465,-84.5731,37.9824
2466,-84.5731,37.9851
2467,-84.5731,37.9878
2468,-84.5731,37.9906
2469,-84.5731,37.9933
2470,-84.5731,37.996
2471,-84.5731,37.9987
2472,-84.5731,38.0014
2473,-84.5731,38.0042
2474,-84.5731,38.0069
2475,-84.5731,38.0096
2476,-84.5731,38.0123
2477,-84.5731,38.015
2478,-84.5731,38.0178
2479,-84.5731,38.0205
2480,-84.5731,38.0232
2481,-84.5731,38.0259
2482,-84.5731,38.0286
2483,-84.5731,38.0314
2484,-84.5731,38.0341
2485,-84.5731,38.0368
2486,-84.5731,38.0395
2487,-84.5731,38.0422
2488,-84.5731,38.045
2489,-84.5731,38.0477
2490,-84.5731,38.0504
2491,-84.5731,38.0531
2492,-84.5731,38.0558
2493,-84.5731,38.0586
2494,-84.5731,38.0613
2495,-84.5731,38.064
2496,-84.5731,38.0667
2497,-84.5731,38.0694
2498,-84.5731,38.0722
2499,-84.5731,38.0749
2500,-84.5731,38.0776
2501,-84.5758,37.9688
2502,-84.5758,37.9715
2503,-84.5758,37.9742
2504,-84.5758,37.977
2505,-84.5758,37.9797
2506,-84.5758,37.9824
2507,-84.5758,37.9851
2508,-84.5758,37.9878
2509,-84.5758,37.9906
2510,-84.5758,37.9933
2511,-84.5758,37.996
2512,-84.5758,37.9987
2513,-84.5758,38.0014
2514,-84.5758,38.0042
2515,-84.5758,38.0069
2516,-84.5758,38.0096
2517,-84.5758,38.0123
2518,-84.5758,38.015
2519,-84.5758,38.0178
2520,-84.5758,38.0205
2521,-84.5758,38.0232
2522,-84.5758,38.0259
2523,-84.5758,38.0286
2524,-84.5758,38.0314
2525,-84.5758,38.0341
2526,-84.5758,38.0368
2527,-84.5758,38.0395
2528,-84.5758,38.0422
2529,-84.5758,38.045
2530,-84.5758,38.0477
2531,-84.5758,38.0504
2532,-84.5758,38.0531
2533,-84.5758,38.0558
2534,-84.5758,38.0586
2535,-84.5758,38.0613
2536,-84.5758,38.064
2537,-84.5758,38.0667
2538,-84.5758,38.0694
2539,-84.5758,38.0722
2540,-84.5758,38.0749
2541,-84.5758,38.0776
