No,Model Outputs
0,43.13953221
1,42.91434614
41,43.15047885
42,43.09112923
43,42.70201269
82,43.15479367
83,43.12396708
84,42.97882755
123,43.16012206
124,43.12919948
125,43.09546585
126,42.44515126
164,43.14188085
165,43.12572598
166,43.09579983
167,43.01587411
168,41.67728763
205,43.09102447
206,43.0908937
207,43.08302744
208,43.07860798
209,42.59626537
246,43.05100218
247,43.06001007
248,43.06608139
249,43.03093121
250,42.89332309
251,42.40959367
287,43.04947857
288,43.05781761
289,43.06098161
290,42.96831311
328,43.05770804
329,43.06097971
330,43.06098161
331,42.95307788
369,43.06097786
370,43.06097971
371,43.05648969
372,42.873689
410,43.06097786
411,43.06097971
412,43.03618349
413,42.8058114
451,43.06097786
452,43.06097971
453,43.04052646
454,42.76993254
492,43.06097786
493,43.06097971
494,42.9638717
495,42.72353598
533,43.05776598
534,42.97829796
535,42.77497933
574,42.65518679
2,43.75227789
3,43.21140679
4,41.54669748
5,38.17461788
6,37.20126293
7,39.65851381
44,42.22664705
45,39.7668579
46,39.42188358
85,42.18589594
86,40.60099678
87,40.41807737
127,42.41317598
128,41.2277647
169,41.3928673
210,42.19220767
8,52.61102724
47,52.49978841
48,54.18459499
88,55.38721938
89,55.03098902
129,54.88272185
130,55.80839045
170,53.84728528
171,55.80671491
211,55.26864225
212,56.28933496
252,56.7012515
253,56.86981131
294,57.10339809
335,57.11238174
9,53.93963027
10,60.68928605
49,54.37414837
50,52.43754287
51,58.57039444
90,54.70891918
91,52.75935896
92,53.80478063
131,56.32103068
132,54.59514515
172,58.15295347
173,57.00437815
213,59.67925531
11,61.87569273
52,61.27585042
53,55.51765312
93,56.10615185
94,56.66732973
133,53.87982957
134,54.67421626
135,56.17201012
136,56.32973411
174,55.86026609
175,54.95316671
176,55.43779025
177,55.03174751
214,60.31501476
215,58.78660415
216,57.48192131
217,55.85284927
218,53.09102372
254,61.55794136
255,61.68035418
256,60.80855888
257,60.22254188
258,57.08188905
295,61.74572731
296,61.81382
297,61.74697025
298,61.74699704
299,57.03805256
336,61.55853716
337,61.32119228
338,61.37178221
339,61.22388772
340,56.71090751
380,60.36284355
12,45.47648371
13,45.08019909
14,46.09633845
54,46.76829983
55,47.30259365
95,46.97883072
15,59.61422158
16,58.59721573
17,58.3617172
18,58.83622106
56,59.84970783
57,57.16148512
58,58.49112025
59,67.96426515
60,73.15062586
96,60.34429507
97,59.79672613
98,59.76885455
99,64.47940646
100,85.13285553
101,99.63449213
137,60.23551906
138,60.67115059
139,64.96353979
140,79.23646794
141,102.5041197
178,59.7935049
179,64.66251876
180,71.20712838
181,78.75585293
19,35.92173433
20,36.47086097
21,65.48212656
22,70.56304218
23,70.54824325
24,70.53228505
61,74.40145802
62,70.42964141
63,70.56479406
64,70.56451746
103,83.80166508
25,69.9239092
26,42.1402626
27,42.14651636
28,42.15028209
29,42.14725581
30,42.1480483
31,42.14911904
32,42.15038954
33,42.15616988
68,42.06759448
69,42.04884667
70,42.0477191
71,42.04587584
72,42.09139728
73,42.14292154
74,42.15793323
114,42.09926265
34,52.3350025
35,52.3370234
36,52.32216653
37,52.28385014
38,52.27037071
39,52.29428051
40,52.32410354
75,52.33640486
76,52.33802642
77,52.33195359
78,52.30558367
79,52.28716871
80,52.29742103
81,52.30598832
115,52.31657812
116,52.31145667
117,52.30967327
118,52.30614584
120,52.31731256
121,52.27806457
122,52.25886848
161,52.32154346
162,52.23425063
163,52.20948516
202,52.2667933
203,52.09785001
204,52.0621345
327,51.8935859
368,51.95688373
409,51.97652034
450,51.97384695
491,51.96759937
532,51.94453171
573,51.89462765
65,70.55982134
66,70.54485016
67,70.4817993
104,73.23272525
105,70.56479406
106,70.56479406
107,70.56479406
108,70.42074255
109,70.24956102
110,70.12650812
111,70.12111722
112,70.12714392
113,70.27203226
145,87.88942024
146,75.07296717
147,70.56479406
148,70.56479406
149,70.47254708
150,70.31592411
151,70.14486013
152,70.06988303
153,70.05407195
154,70.25607417
155,70.44796689
188,78.97377625
189,84.07806332
190,81.95913889
191,77.66457964
192,74.50052841
193,71.25829586
194,70.28732438
195,70.3981426
196,70.51493507
234,72.73888139
235,70.57938733
236,70.54581345
237,70.5301349
276,69.10464379
277,70.56334475
278,70.52576154
318,70.09066996
319,70.49710869
360,69.39790034
102,94.875747
142,146.645782
143,131.1759051
144,103.3392028
182,111.9912626
183,147.5272715
184,177.5389426
185,128.3608364
186,90.79149754
187,76.41444708
222,69.37959173
223,76.17632477
224,118.2248267
225,127.6352225
226,107.8444223
227,84.40830557
228,73.7726902
229,76.78643083
230,88.2832339
231,89.98282969
263,60.7805631
264,64.61280132
265,70.29307059
266,76.27060743
267,73.71307094
268,66.46064339
269,65.35278047
270,68.39016141
271,80.4798648
272,88.22017374
304,62.49351254
305,61.32590862
306,61.23132946
307,60.70921509
308,58.71401196
309,62.66576659
310,62.64891108
311,63.83596923
312,70.16627902
346,59.90545544
347,60.35034306
348,57.90105664
349,57.06806221
350,59.71153622
351,63.78181842
352,64.72944049
388,61.90931544
389,61.35646004
390,60.68147113
391,61.97341146
392,64.27798153
429,60.72748768
430,62.65504656
431,61.43686405
432,61.48347083
433,64.53243324
471,60.43770244
119,48.42460663
156,48.41030507
157,48.39121123
158,48.38895845
159,48.39023403
160,48.4097121
197,48.39658084
198,48.37671866
199,48.37672123
200,48.37729835
201,48.39187214
238,48.39070823
239,48.37671866
240,48.37672123
241,48.3767238
242,48.37722695
243,48.28266286
244,48.03290538
245,48.03335261
279,48.38763524
280,48.37671866
281,48.37672123
282,48.3767238
283,48.37672642
284,48.18890353
285,47.89258143
286,47.9572166
320,48.38460406
321,48.37671866
322,48.37672123
323,48.3767238
324,48.35317529
325,48.08042465
326,47.85197732
361,48.28189188
362,48.36730401
363,48.37672123
364,48.3767238
365,48.27131969
366,47.96633396
367,47.81015669
402,46.85269657
403,48.17188514
404,48.37104936
405,48.3767238
406,48.16142105
407,47.84895997
408,47.79348501
444,46.42213747
445,48.27134536
446,48.31934344
447,48.04803039
448,47.75166214
449,47.79058574
486,47.10772273
487,48.14948134
488,47.8897038
489,47.6858065
490,47.78624152
528,46.29598376
529,46.34631666
530,47.68095306
531,47.77378018
569,43.8628526
570,44.24030274
571,45.62006561
572,47.40671666
611,42.4124581
612,43.7638316
613,45.62665769
614,46.89721037
653,43.22127592
654,44.07457661
655,46.7956553
695,45.02141465
219,27.60584158
259,25.58333453
260,26.02853425
300,24.53411372
301,25.67980246
341,24.16818284
342,25.30472356
377,29.82128156
378,29.29834659
379,29.27983699
381,27.85018591
382,24.93627912
383,25.85372567
419,26.63713864
420,28.13131545
421,28.97333338
422,28.9204266
423,26.89634077
461,30.51948683
462,27.46481258
463,28.26238682
464,29.50892174
503,28.73524766
504,30.58866779
545,38.91673917
220,46.23786204
221,48.3527282
262,45.05146576
232,53.58167261
233,47.89588649
273,52.50051323
274,45.92269855
275,42.50571962
314,47.63770854
315,42.2777133
316,40.77815825
317,41.36617202
355,44.04854486
356,42.27477086
357,40.74913661
358,41.00723339
359,41.80327563
396,42.85936329
397,42.27275066
398,41.54494208
399,40.10020963
400,39.94093544
401,40.54559891
437,42.85411596
438,42.38357889
439,41.48381352
440,39.4109163
442,38.00416534
478,42.79672746
479,42.36641328
480,41.31026847
519,42.76601045
520,42.01835061
521,41.33919907
560,42.22427475
561,41.60376621
261,48.82111126
302,49.39701696
303,50.55952384
343,50.33146223
344,51.98605602
345,48.54641228
384,50.79576768
385,52.42893355
386,48.89367215
387,46.89194776
424,45.63994174
425,50.22130204
426,52.86804705
427,49.34306425
468,50.06528203
509,49.97083896
291,55.18790679
292,54.60753558
293,54.08048565
332,55.01601209
333,54.26428699
334,54.15745217
373,54.93392039
374,54.33390827
375,54.38109173
376,54.9311906
414,54.90400297
415,54.75510296
416,54.96977361
417,54.85814646
418,50.10029785
455,54.92413667
456,54.94353699
457,55.22043051
458,52.92025231
459,46.41904029
460,48.47075896
496,55.04812849
497,55.1990146
498,55.21068835
499,53.59681261
500,47.79563885
501,53.17113462
536,55.09016992
537,55.23834075
538,55.21219364
539,54.9579274
540,54.06558592
541,49.57406063
576,55.11085345
577,55.02494091
578,54.98975066
580,54.42769696
581,52.54235415
582,47.79412255
617,54.48601345
618,54.45983866
621,53.08685449
622,50.83461675
313,40.78518914
353,36.88493888
354,38.83413229
393,36.31198464
394,36.93220377
395,36.93433425
434,36.71333381
435,37.02998293
436,36.90821674
472,32.10360782
473,32.08447718
474,34.66275351
475,36.97541475
476,37.02998293
477,36.94006197
513,31.30027842
514,30.59663378
515,33.84524141
516,36.71581351
517,37.02998293
518,36.94014286
555,29.86300215
556,31.47856139
557,35.9915049
558,37.0335478
559,37.07076223
596,30.2913962
598,37.48977756
599,42.282806
600,40.4937777
428,32.34120625
469,32.41783595
470,31.82021557
510,34.16937372
511,32.33705783
512,32.04644665
551,35.47221574
552,35.16002884
553,32.36951591
554,30.72429779
593,36.6228487
594,34.58747681
595,31.36004889
597,31.11986391
601,35.671349
635,36.94838902
636,33.90814531
637,34.2686714
638,36.18468786
639,42.17942152
640,48.32226836
641,49.78439219
642,40.32573837
676,41.01538539
677,36.46146655
678,35.914681
679,39.26622853
680,42.36071193
681,52.92156572
682,57.68531587
683,46.88113019
441,38.61707143
481,39.73720143
482,37.39748678
522,39.70897308
523,36.8756879
562,41.13345897
563,38.89707301
602,40.09998481
603,39.89766594
604,37.79338933
643,38.44378142
644,37.83251092
684,43.23346154
443,29.07961828
483,26.50573012
484,26.75730467
485,28.90277274
524,26.14729674
565,26.50322213
465,30.96236762
505,39.28061718
506,34.02234022
507,30.66414214
546,45.30273692
547,35.630147
548,29.16042085
587,47.22039788
588,36.63635426
466,38.02744689
467,41.08977655
508,38.49581686
549,34.32250517
550,37.46209481
591,33.59572505
592,39.88269094
633,36.05965905
634,41.77582733
674,39.88460744
502,44.8023245
542,42.06677357
543,44.9729768
544,44.01082233
583,37.40415362
584,41.44214901
585,50.15982587
623,38.92708086
624,37.11094732
625,41.93394132
664,38.75580607
665,37.11288737
525,25.78008764
526,27.04712889
527,29.20999452
566,26.54072083
567,26.93079247
568,28.30154002
607,27.62039444
608,27.69351784
609,28.07396063
649,28.36771069
650,28.56653995
691,29.46346699
564,38.04272214
605,38.12424169
645,38.27615874
646,38.47565153
685,41.04885628
686,40.9544164
727,51.19183004
575,37.06184162
579,36.63089028
615,35.92103778
616,36.2597337
619,36.00041023
620,35.77673768
656,34.84990768
657,35.06790519
658,35.37960029
659,35.17329831
660,34.58266955
661,34.30381695
662,34.40439659
697,33.72957877
698,33.6021071
699,33.46970089
700,33.23383149
701,32.66573414
702,32.19606816
739,32.17950722
740,31.91333451
741,32.12175834
742,30.81622968
781,31.33446451
586,67.4688699
626,54.58861388
627,61.50577985
628,65.90652527
667,52.65585541
668,54.70938145
669,62.41496179
709,49.14070559
589,39.22177051
629,56.99924093
630,47.80553732
671,50.98716036
590,19.14431942
631,20.18078229
632,18.58381965
672,21.3870372
673,19.9032553
675,27.19255086
713,23.08626914
714,23.666471
715,26.63830567
716,29.63326803
754,24.51337889
606,29.22989692
647,29.84616604
648,30.10025449
687,29.66204814
688,30.12596838
689,30.18955468
690,31.56143664
728,33.67715241
729,30.19297914
730,30.3112563
731,31.32122008
769,35.3076996
770,34.0238527
771,36.96250333
772,35.32286773
812,47.30565642
813,43.47065903
610,34.74227811
651,35.79743891
652,35.0110159
692,36.40590535
693,36.23463293
694,35.99558799
732,37.00617973
733,36.65425412
734,36.90891641
735,36.79373862
736,38.27157682
774,37.01739306
775,37.42662205
776,38.16582702
816,37.91631786
817,38.06768263
663,45.42703345
703,44.65710287
704,44.85083981
705,41.34714553
743,41.44165295
744,42.43490558
745,42.15881573
782,43.1445675
783,42.66324436
784,42.61317681
822,42.00367658
823,43.17232342
666,35.31800207
706,30.86596292
707,33.22472181
708,39.901903
747,30.26474425
748,31.53386722
749,35.24843471
670,50.66372494
710,36.73873932
711,38.92284514
712,40.26653265
750,34.69808704
751,32.64229789
752,34.77396506
753,37.4432921
788,29.83507825
789,31.52398262
790,32.62141382
791,33.3312067
792,34.45087311
830,33.67139024
696,36.99623368
737,37.94894165
717,51.59163875
755,50.6184224
756,55.90456327
757,52.06796258
758,45.99253804
796,49.70844755
797,51.28363093
798,46.16317857
799,40.78557687
838,45.03937253
839,43.80897091
718,46.0709058
759,43.61202828
760,42.78950238
800,43.34901102
801,44.18793512
840,42.33144171
841,44.69302699
842,46.10137628
843,44.84390127
880,41.87533226
881,44.98007369
882,45.84671234
883,45.78526168
884,43.92813441
885,41.74985596
922,44.92276506
923,46.06839699
924,44.21111637
964,44.96779258
719,38.13614795
761,37.61097568
802,38.09212578
803,38.01675355
844,37.47273236
845,36.675272
886,36.16582796
927,35.1903246
928,38.04106317
969,38.11080795
1010,37.9003563
720,33.21938088
721,35.97724136
722,40.80974432
723,45.9695256
724,45.02588934
762,32.99148884
763,33.72748975
764,33.07732551
765,38.17209547
804,31.9701265
805,32.16317253
806,35.91172887
846,31.23452326
847,33.77329378
887,32.00621893
725,44.86071334
726,49.33289301
766,49.83594555
767,56.7087225
768,48.82816822
807,48.466367
808,47.36212838
809,43.96485209
810,38.94590692
848,44.96687958
849,44.8372036
850,39.86264204
851,36.750313
852,42.1749791
888,38.45381728
889,40.17966844
890,40.53615019
891,36.79113484
892,34.89041664
931,36.8886544
932,34.65695914
738,20.42188376
779,19.89042625
780,19.32794385
820,19.4549717
821,18.82834187
861,19.32681294
862,18.76748166
863,18.99710624
902,19.78319343
903,18.95963987
943,19.99686215
944,19.33656955
746,33.34551155
786,36.00298663
787,33.07723009
828,35.55741096
829,36.35519468
869,37.8718973
870,37.91886907
910,38.96870744
911,38.60013293
992,39.59396377
1032,37.96253724
1033,38.79457387
1074,38.98716629
773,41.61518666
814,43.04494135
815,42.38799218
854,55.42620414
855,44.23515848
856,42.6525745
857,43.21487805
896,47.23734883
897,45.44524078
898,44.26261252
938,47.71544595
777,41.10811662
818,39.80510487
858,39.10709142
859,37.49275955
899,38.85874854
900,36.61868303
901,35.21508885
939,41.90566974
940,39.3823535
941,37.2322605
942,36.51292578
980,43.84986718
981,39.61832003
982,37.97262708
983,38.32498077
1021,49.10288624
1022,42.98348819
778,34.11661966
819,32.53738357
860,30.14098789
785,19.84149906
824,20.14770293
825,20.4718156
826,21.37039153
827,20.46690376
864,19.75535766
865,20.09767017
866,20.51054059
867,21.66972906
868,21.69544481
904,19.18075013
905,19.77720196
906,19.62584028
907,20.30093608
908,21.7219536
909,22.13111491
947,19.15601845
949,21.42288726
950,22.1222486
951,21.29738516
990,20.8388618
991,21.6773327
793,58.01676588
831,55.80845027
832,57.30784215
833,58.60989507
834,59.86427328
871,57.04584719
872,58.57026749
873,59.41925134
874,59.69661388
875,59.14737388
876,58.92615708
913,58.82662709
914,60.06190704
915,59.83743629
916,57.46785324
917,55.24077103
954,59.38681443
956,59.35928372
957,56.57867601
958,54.89599289
959,55.62793105
960,57.02613335
998,58.46453509
999,56.78001664
1000,56.86859149
1040,58.94119912
1042,58.28639357
1083,58.25688863
794,48.0658568
795,50.66656854
835,48.24325062
836,48.34466507
837,49.87579774
877,47.0415923
878,45.19381192
879,44.15996675
918,44.89177353
919,44.8819196
811,44.93111109
853,52.49405836
893,34.00816255
894,40.56814842
933,33.19170928
973,33.79620211
974,34.13104319
895,39.02160191
934,30.39734013
935,32.47044223
936,38.08457125
937,38.11496045
976,31.74343268
977,34.7774308
978,36.07443643
1018,31.62716204
912,77.84908216
952,75.85180746
953,78.71588836
993,78.54843632
994,81.4099425
995,82.45867916
1034,79.96815442
1035,84.28117965
1036,83.68404795
1075,81.15781879
1076,84.26100528
1077,82.37540152
1078,80.27925476
1119,78.27672683
1120,79.0547305
1161,77.49099344
920,60.84977673
921,62.41170583
962,63.87324506
963,67.48343649
1003,65.65601659
1004,66.94485301
1005,66.3266965
1045,65.37423042
925,38.6345577
965,39.91297341
966,36.7643545
1006,38.95772547
926,42.5989938
967,41.01269414
968,43.50728079
1007,41.66032767
1048,42.27625395
1051,48.3337427
929,38.64827447
930,39.28100774
970,39.0480924
972,38.34599721
1011,40.97577655
1013,37.59387739
1014,36.76657866
945,20.87240507
946,21.12562998
948,21.30479106
986,21.03687419
987,21.06200669
988,20.70683101
989,21.04114282
1029,21.53746048
955,34.11373231
996,34.08868058
997,33.47599197
1037,33.88834939
1038,33.44540569
1039,33.41548629
1041,33.28590593
1079,33.20943841
1080,33.57379707
1081,33.66174614
1082,33.47774795
1124,32.89276962
1162,32.76987234
961,50.71371992
1001,52.9299453
1002,52.6622631
1043,52.84995775
1044,52.91501287
1084,52.57206313
1085,51.26013697
1125,52.7851228
971,42.14854006
1012,42.49858061
1052,44.88531861
1053,41.64486265
1054,39.31775473
1093,44.15378681
1094,41.60055822
1095,38.99296014
1135,41.65731702
975,31.50674694
1015,32.23323781
1016,31.96329
1017,31.55812804
1057,31.02657135
1058,30.66397717
979,45.19314997
1019,41.72942953
1020,46.68783429
1060,41.27644487
1061,51.28132407
1062,62.74108735
1101,42.28182474
1102,57.71153299
1103,78.88395052
1143,52.59871811
1144,67.28261436
1145,60.00882818
1184,44.11052195
1185,48.2416564
1186,47.45197422
1225,42.34073232
1226,42.42483494
1227,43.16710035
1265,41.10912096
1266,42.40642684
1267,42.42483494
1268,43.05430947
1306,41.09662373
1307,42.42484814
1308,42.42071372
1309,42.75287229
1346,39.00664707
1347,40.56849244
1348,41.9348821
1349,41.41959607
1387,38.57533675
1388,38.82177089
984,39.48833014
985,25.41147207
1025,25.44627715
1026,25.34994456
1027,25.52762832
1066,24.57022107
1067,24.70425959
1068,25.98656906
1107,24.92831381
1108,24.81759414
1109,25.84545503
1148,24.66646726
1149,25.16426337
1008,44.195728
1009,47.34570817
1049,43.87466937
1089,46.97409367
1023,28.29052389
1063,38.13477179
1064,28.91625386
1065,27.64914251
1104,47.58466043
1105,31.22683672
1106,26.74672799
1146,31.16392449
1147,26.84385584
1187,30.01496193
1188,28.0708432
1228,31.205335
1229,29.66309913
1269,32.00463275
1270,31.15082046
1310,32.21005027
1311,33.05110707
1024,36.48105619
1028,32.11802596
1069,32.59181204
1070,32.48130576
1111,32.34154837
1152,32.08533891
1030,29.72840518
1031,30.59328538
1071,29.96042927
1072,29.89027545
1073,30.12976287
1112,29.79800521
1113,29.99753688
1114,30.81979823
1153,30.03807576
1154,30.53112846
1046,69.385548
1047,67.22405716
1086,66.11505021
1087,66.22572596
1126,67.21384677
1166,72.27755129
1167,69.61596747
1208,70.00528238
1249,67.263123
1050,59.572911
1090,57.01620291
1091,56.60409005
1131,29.37222471
1055,40.2479053
1056,41.57246211
1096,40.05540517
1097,39.4350151
1059,26.53051478
1099,26.72413091
1100,26.89664021
1140,28.49217595
1141,28.55695004
1142,29.65880268
1088,46.02248789
1127,44.81082876
1128,43.83934605
1129,44.01581457
1130,44.084286
1168,46.30238381
1169,43.07456938
1170,43.48069229
1209,46.62817782
1210,46.01643874
1211,49.99226533
1250,46.40176598
1251,49.54845241
1092,59.82127454
1132,22.88469034
1133,39.36118884
1134,61.02896318
1173,24.86786286
1174,31.6058515
1215,60.99526493
1098,48.5114099
1138,46.74936646
1139,49.36891349
1179,46.68006538
1110,76.76590033
1150,75.01050535
1151,76.00214403
1189,71.77741831
1190,73.277229
1191,72.66836818
1192,73.36629314
1231,72.88011767
1232,71.78656278
1272,79.232835
1273,69.89253161
1313,116.4246807
1115,44.25110537
1155,43.55241236
1156,44.64283534
1194,42.00921457
1195,43.15668821
1196,44.21448572
1197,44.31110876
1235,41.33748306
1236,44.08300585
1237,44.25554024
1238,43.22585806
1276,40.487741
1277,41.3014084
1278,42.00724797
1279,43.16139429
1116,68.09916115
1117,68.64838907
1118,67.80957295
1157,66.21512563
1158,66.34121228
1159,66.2353289
1198,64.20864766
1199,64.7527845
1239,61.55404818
1240,61.21329289
1280,63.77296484
1281,61.47653936
1121,62.88159342
1122,63.15495436
1123,62.80559012
1163,61.85007309
1164,61.4342756
1165,62.07411345
1204,59.28274029
1205,60.81279352
1206,61.85552463
1207,63.13551047
1246,60.26259225
1247,61.92288758
1248,60.86102402
1288,62.10160941
1289,62.27647651
1290,60.95302465
1136,38.16796456
1137,35.81255005
1176,39.06891305
1177,37.09526461
1218,37.977978
1260,39.45071652
1160,116.9328865
1200,116.0365835
1201,115.8372732
1202,116.1110197
1203,114.8819618
1241,113.7804456
1242,115.2812319
1243,117.0193178
1244,114.2493615
1245,113.3305631
1282,110.5475681
1283,114.4933509
1284,119.4520514
1285,117.9918615
1286,114.255599
1287,115.6297023
1171,58.17913497
1172,26.47934529
1212,67.28423309
1213,58.82411628
1214,43.60362296
1254,64.29136084
1255,63.88640982
1256,69.33557434
1175,34.3968632
1216,34.70050313
1217,33.42535208
1257,38.0597086
1258,35.03355988
1259,34.58065656
1299,36.23332438
1300,37.07123138
1301,33.78779567
1341,40.86993041
1342,37.59267278
1382,46.48672389
1422,39.9636382
1178,27.69168653
1219,28.61297287
1180,34.63439699
1181,36.90206428
1220,32.12307121
1221,33.97795619
1261,32.9964679
1182,33.90629994
1183,34.12072408
1222,32.36457225
1223,33.09357653
1224,34.59183135
1263,32.34990824
1264,33.13637161
1305,33.38011799
1345,31.77535615
1193,25.96965548
1233,24.84481031
1234,25.24425448
1274,24.39955131
1275,25.5603642
1314,30.99767375
1315,24.90340792
1316,26.3132785
1230,69.02538814
1271,77.32137506
1312,113.4521495
1252,78.32380764
1291,56.90922811
1292,56.31866504
1333,56.42658647
1253,49.61098649
1293,46.88384283
1294,44.61116441
1295,35.9328787
1335,35.90014195
1336,31.56294945
1262,46.16980296
1303,41.19541492
1304,47.57106858
1344,39.58367447
1385,45.64918203
1386,48.84314129
1296,9.695395995
1337,9.384828542
1338,8.961991217
1379,8.389129576
1421,10.06585602
1297,24.28684025
1298,25.20172408
1339,21.32098316
1340,23.49410761
1380,19.23503613
1381,23.16832825
1302,53.62798023
1343,53.76110833
1317,24.09907892
1355,28.72928827
1356,24.08362706
1357,24.14929067
1358,23.87557989
1359,21.86568164
1397,23.17222426
1398,23.0751564
1399,22.93460264
1400,22.60950889
1438,22.18558606
1439,22.85292468
1440,23.24758496
1318,45.85692744
1319,45.13631736
1320,53.74903111
1360,44.01051391
1401,44.48065479
1402,49.29764988
1443,49.29485608
1484,47.77540657
1525,48.70541903
1567,51.67211962
1321,59.85199534
1322,60.11293672
1323,57.00339846
1361,51.91784878
1362,62.73530693
1363,65.37103856
1403,58.41082329
1404,60.49745193
1444,56.30468941
1445,57.52477395
1485,54.16954136
1486,56.19470545
1526,53.22660884
1324,36.86998383
1325,38.11323227
1326,37.85950827
1364,41.0455779
1366,37.84019267
1367,37.8587056
1368,37.02096161
1408,37.49606834
1409,36.6162438
1327,42.69359356
1328,42.62841481
1329,43.73625855
1330,45.20886506
1331,44.11528894
1332,42.6220146
1369,41.98445536
1370,43.00540384
1371,45.20165181
1372,44.76183492
1373,43.91183833
1410,40.46052186
1411,41.09427947
1412,43.20860715
1413,44.62321724
1414,44.03268075
1450,41.5307316
1451,39.13284495
1452,38.6581219
1453,40.37079487
1454,41.99528747
1455,43.02085602
1456,40.13735107
1493,38.29387962
1494,38.45721384
1495,40.12250522
1496,42.75140611
1497,32.05162659
1534,39.26150703
1535,38.12866517
1536,39.65607125
1537,42.66081688
1538,32.46621271
1576,39.2877887
1577,39.62077576
1334,7.237286669
1374,7.2744268
1375,6.978766663
1376,6.664438672
1415,7.229521714
1416,6.794305578
1417,5.932529522
1418,3.556410981
1457,3.773388982
1458,3.271258387
1459,1.233117388
1498,2.286445288
1499,2.281888185
1539,3.134900255
1350,38.06431424
1389,37.10312928
1390,37.03693236
1391,37.78510627
1392,40.37574022
1429,33.95775019
1430,35.0457119
1431,35.98652747
1432,37.52255897
1433,39.62436371
1473,36.36766742
1351,36.30880829
1352,37.17953687
1393,36.6465022
1434,34.02785254
1474,32.52492007
1475,33.02771556
1353,72.06341312
1354,55.94911678
1394,39.88591986
1395,37.51667152
1396,32.35564562
1435,35.6569757
1436,31.67410669
1437,29.87510989
1476,33.15267251
1477,30.48975601
1478,28.48155858
1479,28.07782784
1520,29.44521394
1365,51.11084471
1406,50.34067084
1407,50.40629424
1448,49.94318571
1490,49.46976252
1531,48.68856365
1572,49.83586234
1614,53.11252279
1377,29.0001975
1378,26.94778822
1419,12.27008149
1420,17.66575253
1460,5.355507863
1461,11.51582468
1500,10.84054136
1501,9.543362753
1383,43.72725136
1384,30.42160903
1426,31.77014115
1405,40.20022069
1446,38.55770611
1447,37.92869281
1487,37.94816175
1488,37.41254804
1527,37.059982
1568,35.77194403
1569,36.03500846
1609,35.35375042
1610,39.47055825
1650,36.95851892
1651,45.34126287
1652,49.55614839
1692,48.35945613
1423,93.15197999
1424,88.2477224
1425,68.89887146
1464,82.61584227
1465,74.79986495
1466,69.46019222
1506,68.81916791
1427,36.60111413
1428,35.16942765
1467,35.87852366
1468,37.30693878
1469,35.32311978
1470,33.34436587
1471,33.17930852
1472,34.74918315
1508,38.79747906
1509,38.76768509
1510,37.1425312
1511,35.32596555
1512,33.58937099
1550,39.31409449
1551,38.6158817
1552,37.22126201
1553,34.42929619
1592,38.87344199
1593,37.08719559
1441,45.29279878
1442,42.98455458
1481,45.86181112
1482,45.0577366
1449,41.43312469
1491,39.55149963
1492,37.70324865
1532,40.49967546
1533,38.95304326
1573,40.26298632
1574,40.27841091
1575,38.88336035
1615,41.15829086
1462,34.38679833
1502,17.01599838
1503,34.26982925
1542,24.16591793
1543,29.17787277
1544,30.49375257
1463,57.4483895
1504,51.80019142
1505,50.730849
1545,48.6208085
1546,47.64099603
1547,45.49557031
1588,46.77073125
1480,22.67909435
1483,21.90858232
1521,23.75529588
1522,24.38377471
1523,23.50700725
1524,23.26241505
1563,25.19958228
1564,24.33943617
1565,24.83930334
1566,25.32540651
1604,25.59441813
1605,24.98010376
1489,48.69714064
1528,48.0372132
1529,47.70603971
1530,47.70120358
1570,47.9914617
1571,48.30834054
1611,55.97214533
1612,59.09734301
1613,55.6366799
1653,67.16419037
1654,59.6560614
1507,42.86270142
1548,42.84499867
1549,45.40173
1589,42.17333745
1590,45.66100672
1591,46.20990754
1629,43.26583847
1630,43.76462218
1631,44.66798873
1632,43.47325161
1670,44.64318953
1671,45.06600066
1672,43.87656312
1711,45.24987836
1712,45.90778504
1713,44.53400798
1753,44.99440336
1754,45.36109548
1755,45.22830367
1794,44.08846722
1795,45.78572921
1796,46.38582655
1835,43.20527669
1836,45.61447788
1837,46.20193186
1877,44.72760296
1878,45.85289464
1879,46.24491254
1918,43.51977801
1919,45.58449489
1920,45.65903645
1921,46.13935294
1960,44.90659015
1961,45.35281877
1962,45.41638343
2001,44.08193649
2002,45.34209828
2042,43.35662524
2043,44.43219988
2084,43.46271319
1513,34.04306981
1514,35.9618193
1554,33.95583694
1555,35.63195266
1596,34.90221447
1637,35.01084546
1679,38.13464676
1515,44.10957419
1516,45.35138755
1556,45.00440538
1557,47.3530578
1597,44.76866314
1598,47.53190545
1638,44.46973519
1639,47.37570955
1680,47.42204562
1721,46.90768409
1762,46.54607876
1802,43.99044779
1803,46.94730613
1843,45.87455946
1844,47.31192782
1883,46.51718542
1884,47.21858473
1885,47.29274687
1925,47.03469734
1926,47.15445537
1517,27.21940066
1518,36.42108629
1519,33.48412989
1560,36.36408952
1561,37.94369399
1562,39.73544525
1602,40.13663368
1603,41.6329846
1644,39.67910236
1645,39.39467373
1540,13.34629291
1541,20.92609241
1580,19.86489269
1581,21.791609
1582,23.95841795
1558,38.9607738
1559,38.31212203
1599,39.26457999
1600,39.75198487
1640,40.60453505
1641,39.90159713
1681,40.40336708
1682,39.70200915
1722,39.86929518
1723,39.81347237
1763,38.77165796
1578,36.68245962
1579,36.81585798
1617,36.93905608
1618,36.3764432
1619,36.39899715
1620,35.93428724
1621,35.03840783
1659,37.61107178
1660,37.71665426
1583,11.4576135
1584,10.83101592
1585,11.26785845
1586,12.16842593
1587,12.2276672
1625,12.20815907
1626,11.94447928
1627,12.15595512
1628,12.07676437
1667,12.38919137
1668,12.26696709
1669,12.26890162
1708,12.20088021
1709,12.32897409
1710,12.28877144
1749,11.36213134
1594,36.83229065
1595,34.76769973
1633,39.63182994
1634,39.70389536
1635,37.17965103
1636,35.74460003
1601,35.92818634
1642,35.48268863
1643,36.06496011
1683,35.40341264
1606,29.18533257
1607,29.89302851
1608,29.02843611
1646,29.37329198
1647,31.71939862
1648,36.28404861
1649,33.76825768
1687,29.5893436
1688,34.81183706
1689,44.90326434
1690,46.05545374
1691,35.3473098
1729,57.84000449
1730,74.2317001
1616,32.23323758
1655,36.5097737
1656,33.85566225
1657,32.95004393
1658,31.87229383
1693,45.08099956
1694,51.11685427
1695,48.49407231
1696,37.22700404
1697,35.66065631
1698,34.73234328
1699,33.19297929
1733,47.57266067
1734,45.65062963
1735,54.5184122
1736,47.19545336
1737,40.22429434
1738,35.2126212
1774,44.87325791
1622,32.99292161
1623,36.38398537
1624,38.13477817
1663,34.83391624
1664,38.88118054
1665,38.95958499
1705,34.27938567
1661,34.68261845
1662,34.20633877
1700,36.11952751
1701,35.91537567
1702,35.98603467
1703,33.27594911
1704,31.11152201
1743,36.10277724
1744,31.77082881
1745,26.39603341
1784,35.37175129
1786,23.98080837
1666,35.57088365
1706,35.05176156
1707,33.85091517
1746,23.17293321
1747,32.09815819
1748,32.75746945
1788,29.28589677
1789,32.03391639
1829,31.61614441
1830,32.63845007
1871,33.25171577
1872,32.28391795
1912,32.99304864
1913,32.36775055
1954,32.52361628
1955,30.55475681
1995,32.46173777
1996,32.12110041
1673,45.74448963
1674,45.41099461
1714,47.11958607
1715,48.91943665
1756,50.71726068
1757,54.46851775
1797,52.08243932
1798,52.38564214
1799,49.93111671
1838,51.7920416
1839,53.70021068
1840,53.43545479
1841,49.6112403
1880,53.25447606
1881,53.78188382
1882,51.99865946
1922,51.05648729
1675,50.59403459
1676,48.03136072
1677,46.45938782
1678,47.44666499
1716,54.27689968
1717,51.56781567
1718,46.2388036
1719,46.88521946
1720,49.81986777
1761,48.3667277
1801,45.36992941
1842,49.11758107
1684,37.24313657
1724,39.32107907
1725,39.7642867
1766,49.34714034
1767,45.48771095
1807,77.15871836
1685,39.41206055
1686,40.050644
1726,39.44530332
1727,38.53599145
1728,61.85916891
1768,66.70477898
1769,116.5740337
1731,86.82979993
1732,64.56907755
1770,215.9353312
1771,175.0716017
1772,109.134959
1773,69.03657706
1808,87.65887001
1809,81.48294659
1810,164.3810235
1811,204.441122
1812,132.2938562
1813,86.95452838
1814,66.00666781
1849,121.8525334
1850,72.92638465
1851,82.81565484
1852,85.24767103
1853,65.10705914
1854,57.40541639
1855,58.20835472
1856,53.30536087
1890,69.61073219
1892,54.39061311
1893,48.71059632
1894,47.30388282
1895,50.07864981
1896,53.36169822
1897,49.78847674
1932,45.59532616
1933,46.79298015
1934,45.63933981
1935,45.95082024
1936,46.96862047
1937,47.2556231
1938,47.82479285
1939,46.43672658
1973,41.57935098
1974,43.07681622
1975,42.63790782
1976,44.19175818
1977,44.54066928
1978,43.46537405
1979,45.92256027
1980,46.71882189
2017,43.34017283
2018,42.48084786
2019,41.25721299
2020,43.86766251
2021,46.49846805
2058,42.51260186
2059,41.53914998
2060,41.40841163
2061,44.9421832
2062,47.1149479
2100,41.90295926
2101,43.30272648
1739,47.74038879
1740,51.10828004
1775,53.0521329
1776,56.37682918
1777,53.2468144
1778,41.31628533
1779,43.52551408
1780,46.95724472
1781,57.68834135
1815,51.76335729
1816,45.02075125
1817,43.01778087
1818,40.89697711
1819,40.76443746
1820,41.01627411
1821,43.47498792
1857,43.05212994
1858,41.08195157
1859,40.23831863
1860,40.78585449
1861,41.11005229
1898,43.31037446
1899,40.98430047
1900,40.68836766
1901,41.33824328
1940,42.18688119
1741,59.81498005
1742,53.71753474
1783,57.44672824
1785,48.46834747
1824,55.76517633
1825,52.56837391
1826,49.13157409
1866,53.92440746
1750,15.89118278
1751,15.97795247
1790,15.05310916
1791,14.8736641
1792,15.00904755
1831,15.29668205
1832,14.8455574
1833,14.88545968
1873,15.05124345
1874,15.02179183
1914,14.80185048
1915,14.86380757
1956,15.04068915
1997,15.2269143
1752,28.29965845
1793,26.89357914
1834,26.42224389
1875,26.08678596
1876,27.57848743
1916,25.90985991
1917,26.96843632
1957,26.05932381
1958,26.38811437
1959,27.76328913
2000,27.23143027
2041,26.84235254
2083,27.87419801
2122,24.85751114
2123,26.10707226
2124,27.88247573
2163,24.17045379
1758,44.95484555
1759,39.0607385
1760,38.82427468
1800,40.75812633
1764,39.18227444
1765,41.99781292
1804,38.83271689
1805,39.62459998
1806,53.84360241
1846,42.47017553
1782,57.70369799
1822,53.88332361
1823,53.81716304
1862,43.66759296
1863,44.62755156
1864,45.6528962
1865,44.91898169
1902,44.15911215
1903,44.77535908
1904,44.23074334
1941,43.65234832
1942,43.9403039
1943,44.75107163
1981,45.98862993
1982,43.63113586
1983,43.18522579
2022,45.97820487
1787,43.80696383
1827,52.48569821
1828,49.40134907
1868,56.77488993
1869,57.19118734
1870,60.3109041
1910,57.89659523
1911,60.08518412
1951,58.58607578
1952,59.45802696
1845,61.72482774
1847,51.13490187
1848,79.14491977
1886,38.03723815
1887,37.82172098
1888,38.18387421
1889,54.87039391
1927,38.67411941
1928,37.81761355
1929,35.80196653
1930,34.48629799
1968,37.65310298
1969,36.0904448
1970,32.57565931
1971,30.86595154
1972,30.88440749
2009,35.46885038
2010,34.02086925
2011,31.45565711
2012,32.78182199
2013,34.64179357
1867,46.66581275
1908,50.46413478
1909,45.15431832
1949,57.98947706
1950,48.53796821
1991,50.27978213
1992,45.2966574
2032,48.1138377
1891,41.62606979
1931,31.62390833
2014,29.49123024
2055,30.87134212
2096,32.22967915
2097,29.0834393
2137,32.3524409
2138,29.91346712
2179,30.33773107
2220,30.73944928
2221,30.30046197
2261,30.19020063
2262,31.52208724
2303,31.17112213
1905,36.4196874
1906,37.98904051
1907,41.95941299
1944,37.82195189
1945,37.5689472
1946,36.6950097
1947,40.18933691
1986,37.74625241
1987,37.23198382
1988,39.42868646
2027,38.07895938
2028,36.94743797
1923,25.07200583
1924,24.90573306
1963,25.01791463
1964,24.72395446
1965,24.7428151
1966,24.87040727
2003,24.81095027
2004,24.47949457
2005,24.71368954
2006,24.62520783
2007,24.73271944
2044,21.85242398
2045,21.4218768
2046,23.84933819
2047,24.66141123
2048,24.66300036
2049,24.81167952
2085,20.7651766
2086,20.7200611
2087,23.33348825
2088,24.77404088
2089,24.64019191
2090,24.19462714
2125,24.79849129
2126,23.13956001
2127,22.83932004
2128,24.86461375
2129,24.92910832
2130,24.15720264
2131,22.89217776
2166,24.80421896
2167,25.11586432
2168,25.13123787
2169,25.17264986
2170,25.03297884
2171,23.98518582
2206,23.99922102
2207,24.96748
2208,25.02826276
2209,25.06801049
2210,25.10341715
2211,25.07694517
2247,24.68245708
2248,25.00438394
2249,25.01064335
2250,25.01796323
2251,25.03108271
2288,25.00506758
2289,25.00901308
2290,25.00865486
2291,25.00843621
2329,25.00766419
2330,25.00860488
1948,61.52875963
1989,60.46540486
1990,62.02305753
2030,52.10706286
2031,52.8258824
2071,45.57202901
2072,47.34124287
2112,46.47304693
2113,47.17743091
2114,47.61652798
1953,43.62097915
2036,43.63326321
2037,44.18775549
2076,42.37982664
2077,43.56811313
2078,44.09379212
2119,41.9487027
2160,42.55351
1967,50.29743413
2008,50.1570851
1984,32.83697058
1985,33.60540819
2023,32.38908913
2024,31.58118915
2025,32.01152652
2026,32.86167775
2064,32.63346357
2065,32.00494062
2066,32.56053537
2067,34.2175349
2068,34.4395378
2106,33.3685323
2107,33.6252257
2108,35.0301317
2149,35.02358558
1993,39.12127615
1994,39.819748
2033,38.89837838
2034,39.10185273
2035,39.06054233
2073,39.07725033
2074,39.30988531
2075,39.1999482
2115,40.34338906
1998,37.28817367
1999,36.96458866
2039,36.6914054
2040,36.15831639
2081,36.00769644
2082,37.25725613
2015,33.01144406
2016,33.04371837
2056,32.71050794
2057,33.3719576
2098,33.85521607
2099,33.4148449
2139,33.60630199
2140,33.54289586
2141,34.66656556
2180,33.68811965
2181,34.00022612
2222,35.09894137
2029,35.20221316
2069,35.78613688
2070,33.52997526
2109,37.40592613
2110,35.26013767
2111,34.0043057
2150,37.65073919
2151,35.87296597
2152,34.30511435
2153,34.00524835
2193,36.15703286
2038,18.56882986
2079,18.3519483
2080,17.62629448
2120,18.10934644
2121,16.80771537
2161,17.97221211
2162,17.31471546
2050,56.43721568
2051,52.56553101
2052,52.74354157
2053,61.44942149
2054,65.56068254
2091,55.65101464
2092,50.57206258
2093,51.11438139
2094,62.4140821
2095,69.47818413
2133,53.80394394
2134,52.35007236
2135,59.10760508
2136,66.7987908
2174,58.3761635
2175,53.75601201
2063,49.04741375
2102,50.57651303
2103,51.31464887
2104,50.01512478
2105,47.07180709
2142,47.78231682
2143,50.48902051
2144,50.46389305
2145,49.44644543
2146,47.59552877
2147,47.73516396
2148,48.53750428
2183,48.27213528
2184,48.93729293
2186,47.97902587
2188,47.44580464
2189,49.79209595
2229,46.35937312
2116,39.96037807
2117,39.45257487
2118,38.32611704
2157,49.57645349
2158,45.68857714
2159,38.52969533
2132,64.19604379
2173,67.47178058
2214,69.5534319
2215,65.1520865
2255,70.43350543
2256,67.67422645
2296,70.43350543
2297,69.02016248
2337,70.37147359
2338,70.32413147
2339,65.54255435
2378,70.3360167
2379,70.3940581
2380,68.12855562
2419,70.33223507
2420,70.40069691
2421,70.88990511
2422,65.0129199
2460,70.28650858
2461,71.1214928
2462,72.8244047
2463,70.12694142
2501,70.26618947
2502,70.54344031
2503,73.51109184
2504,75.49673797
2154,43.98947016
2155,45.67664194
2194,43.72318481
2195,43.57579862
2196,45.06250705
2235,46.05289427
2236,44.18901069
2237,45.11357153
2156,38.64145337
2197,39.42764742
2198,41.01197896
2238,33.01441611
2277,33.95322105
2278,33.80586012
2279,33.63808336
2319,35.23204898
2320,34.66190332
2361,35.80356023
2164,34.69477416
2165,37.75582903
2203,33.7561555
2205,35.93168191
2172,43.81904461
2176,25.79777705
2216,26.58489044
2217,25.57656071
2257,27.44894826
2258,25.4521712
2298,28.16662126
2299,25.61245284
2340,26.40480664
2341,25.52122267
2381,27.76789096
2382,25.83070903
2383,25.93925415
2177,30.77498583
2178,30.8684159
2218,28.90446732
2219,30.07182578
2259,28.23420465
2260,29.01658769
2300,27.75019739
2301,28.38519464
2302,29.60339786
2342,28.13697135
2343,29.0067457
2182,57.17278932
2185,60.21853107
2223,57.97293713
2224,59.05329758
2225,59.32174691
2226,58.94498261
2263,57.77997137
2264,58.76355876
2265,59.03363365
2266,59.38438723
2267,58.12929879
2304,58.70845565
2305,58.87771361
2306,59.34177862
2307,59.05472231
2344,56.15870677
2345,57.85036913
2346,57.77837358
2347,58.3759621
2348,57.85015956
2386,56.67348224
2387,56.82831525
2388,57.17673875
2389,56.24521127
2187,52.77042254
2227,52.61785718
2228,51.32142992
2268,52.09034654
2269,51.20549868
2270,51.2768241
2308,52.86622365
2309,52.42187675
2310,52.11683318
2349,51.24918585
2350,50.91930914
2351,51.73908292
2390,50.68348942
2391,54.12639519
2431,55.39652234
2190,52.2592814
2191,52.27928828
2192,48.75834524
2230,49.32039107
2231,52.20692377
2232,52.30388048
2233,50.30970943
2234,48.86308543
2272,50.44953622
2273,50.35532761
2274,49.5569487
2275,50.48496303
2276,47.55666833
2313,47.58071235
2314,48.60550756
2315,46.97869763
2316,46.92266324
2317,47.77541564
2318,47.58815977
2354,45.14910036
2355,44.98514778
2356,44.44642115
2357,45.64304816
2358,47.37777195
2359,49.6693439
2360,50.13895743
2397,43.75424708
2398,45.49087882
2399,47.75033026
2400,48.70964089
2401,50.54911616
2402,50.27904294
2405,49.01090292
2406,49.74727876
2438,43.80713598
2439,45.22454153
2440,46.06322568
2441,47.99461401
2442,49.57692896
2443,50.4220405
2444,49.9078628
2445,49.69022823
2446,49.88108152
2447,50.04298659
2479,45.33060529
2480,47.04709501
2481,48.32011668
2482,48.79448779
2483,49.46569336
2484,50.06690032
2485,49.88898289
2486,49.80665033
2487,49.93385168
2521,48.41653471
2522,49.24967825
2523,50.03997938
2524,49.88947733
2525,49.90452355
2526,49.6315171
2527,49.60083965
2528,49.75019864
2199,41.12176334
2200,34.59522896
2201,35.8795659
2239,36.59826163
2240,35.31145975
2241,36.61367056
2242,36.46429207
2280,35.23030459
2281,35.61660774
2282,36.43290764
2283,36.07213054
2321,35.90809571
2322,36.1567191
2323,36.60005819
2324,36.36765673
2362,36.55028834
2363,36.33018755
2364,36.74374626
2365,37.25751747
2403,37.36182939
2404,36.96982438
2202,30.26450029
2204,27.32193747
2243,30.62959386
2244,28.72452772
2245,29.30284514
2246,30.7367703
2284,29.86864226
2285,29.85764458
2286,31.10678216
2325,30.93957358
2326,31.12047573
2212,30.27846648
2213,29.07990206
2252,30.90255568
2253,30.8779125
2254,30.43801002
2287,30.30877955
2292,30.8751497
2293,30.87465475
2294,30.87433164
2295,30.87435283
2327,30.32422945
2328,30.86233977
2331,30.87458988
2332,30.8740914
2333,30.87388521
2334,30.8740215
2335,30.87420398
2336,30.87434324
2366,30.14781564
2367,30.39316917
2368,30.8616606
2369,30.87262794
2370,30.87353584
2371,30.87441043
2372,30.87444833
2373,30.87440256
2374,30.87383714
2375,30.8738802
2376,30.87405529
2377,30.8742487
2407,30.86782385
2408,30.87239428
2409,30.87239469
2410,30.87260365
2411,30.87327808
2412,30.87414986
2413,30.87440217
2414,30.87438515
2415,30.87383714
2416,30.87383752
2417,30.87392174
2418,30.87411945
2448,30.85841512
2449,30.87239428
2450,30.87239469
2451,30.87258347
2452,30.87325561
2453,30.87380673
2454,30.87397669
2455,30.8738498
2456,30.87383714
2457,30.87383752
2458,30.87384014
2459,30.87399893
2488,30.80972991
2489,30.86536021
2490,30.87239428
2491,30.87239469
2492,30.87258287
2493,30.87325621
2494,30.87380441
2495,30.87383641
2496,30.87383676
2497,30.87383714
2498,30.87383752
2499,30.87383788
2500,30.87389694
2529,30.82203244
2530,30.8724353
2531,30.87239428
2532,30.87239469
2533,30.8725937
2534,30.87325905
2535,30.87381853
2536,30.87383641
2537,30.87383676
2538,30.87383714
2539,30.87383752
2540,30.87383788
2541,30.8738389
2271,64.40944657
2311,62.17445889
2312,62.53916307
2352,61.97246019
2353,61.12436444
2392,64.17046106
2393,60.27874546
2394,59.81211038
2395,60.8772531
2396,60.9573311
2432,76.56762837
2433,76.87475118
2434,60.93904182
2435,59.23153419
2436,59.98833937
2437,60.41140671
2474,73.61061468
2475,63.35812
2476,60.75373423
2477,61.07718536
2478,62.26439964
2384,40.3958384
2385,42.48921425
2423,40.61358161
2424,39.52194487
2425,40.25853242
2426,42.03488268
2464,42.42651208
2465,39.24795339
2466,39.73657685
2467,41.24123501
2468,43.23346521
2505,47.8001875
2506,41.24712153
2507,39.14156905
2508,39.7792187
2509,42.08839641
2510,42.66309761
2427,29.19538895
2428,28.81078119
2429,28.60770931
2430,28.13044211
2469,28.75210405
2470,27.53357408
2471,27.56564137
2472,30.53607164
2511,28.20735806
2512,28.04841196
2473,78.41974088
2513,62.62026267
2514,66.35577175
2515,65.49626775
2516,63.70960248
2517,65.16938118
2518,66.01714928
2519,66.98796736
2520,67.53533057
